FaceID,X,Y,Z,U,V,PixelX,PixelY,URegion
0,0.150080241,0.807048369,0.571094433,0.7090998150859227,0.7989363523978629,226,127,other
1,0.120930998,0.733295712,0.669068825,0.7215407588764127,0.7620188972154113,230,121,other
2,0.026891632,0.801619526,0.597229416,0.7428385188413947,0.7960279733209346,236,126,u075
3,-0.106096205,0.781569116,0.614730276,0.7772005632053314,0.785580375224608,247,124,other
4,-0.009428109,0.718389651,0.695577041,0.7521571129869129,0.7551204810865718,239,120,u075
5,0.087449778,0.640949407,0.762585336,0.7318282215743931,0.7214591714150254,233,114,u075
6,0.050977972,0.532480266,0.844905919,0.7404089056791424,0.6787399450080105,236,107,u075
7,-0.047752128,0.616040106,0.786266063,0.7596540650616547,0.7112640843356948,242,113,u075
8,-0.147509677,0.688518225,0.710058835,0.7825996184246405,0.7417384871747771,249,117,other
9,-0.242236506,0.745513065,0.620912026,0.8092007117608179,0.7677954794625269,258,122,other
10,-0.373568953,0.694660422,0.614730132,0.8369079905928402,0.7444453523002486,266,118,other
11,-0.285370264,0.64372375,0.710058833,0.8108195252344763,0.7226114107440631,258,114,other
12,-0.18759385,0.577343518,0.794659052,0.7868959603372944,0.6959106441658002,251,110,other
13,-0.085855107,0.498767918,0.862472878,0.7657911016260416,0.6662139973426336,244,105,u075
14,0.013523353,0.413422149,0.91043904,0.7476361402414806,0.6356666162568428,238,101,u075
15,-0.022745379,0.291095547,0.956423562,0.7537842619259747,0.5940197567158538,240,94,u075
16,-0.121423145,0.373694888,0.919569764,0.7708944889050054,0.6219092882900685,245,98,other
17,-0.223715264,0.453973627,0.862472856,0.7903927117453523,0.6499939722280835,252,103,other
18,-0.323472944,0.526451439,0.786265945,0.8121179480574984,0.6764778050675166,259,107,other
19,-0.414637956,0.586726722,0.695576825,0.8355540276041815,0.6995837160554411,266,111,other
20,-0.492942974,0.632712063,0.597229161,0.8598213782100927,0.7180583235853081,274,114,other
21,-0.595794789,0.564694641,0.571094154,0.8783684792102194,0.6910060516974296,280,109,other
22,-0.528861431,0.52216169,0.669068574,0.8564566830599966,0.6748742522150429,273,107,other
23,-0.447494234,0.46713261,0.762585101,0.8344581397777564,0.654712935724678,266,104,other
24,-0.354230608,0.400817826,0.844905762,0.8131835854108187,0.6312739705032725,259,100,other
25,-0.253947761,0.326514129,0.910438937,0.7932925679345496,0.6058740738832435,253,96,other
26,-0.152703091,0.248869034,0.956423531,0.7751980872177763,0.580058875206859,247,92,other
27,-0.05607114,0.172565925,0.983400747,0.7590648164404992,0.5552057832954708,242,88,u075
28,-0.079979697,0.058108062,0.995101352,0.7627643884696492,0.5185067954304957,243,82,u075
29,-0.174828621,0.127019037,0.976371404,0.7781993672857813,0.5405409311471931,248,85,other
30,-0.275291972,0.200009092,0.940324781,0.7953279432350822,0.564097170587137,253,89,other
31,-0.37639196,0.273461649,0.885182365,0.81398855015034,0.5881686635794452,259,93,other
32,-0.472190757,0.343062756,0.811999898,0.8338296581514819,0.611464355380484,265,97,other
33,-0.55730694,0.404902586,0.724888178,0.8543159000289016,0.6326945712314974,272,100,other
34,-0.628320902,0.456496616,0.629939429,0.8747952757277996,0.6508959474687634,279,103,other
35,-0.684293408,0.497162573,0.533452817,0.8946143989677543,0.6656247456551235,285,105,other
36,-0.721171719,0.392126932,0.57109353,0.893401144991233,0.6282606012637872,284,99,other
37,-0.660036499,0.341613692,0.669067938,0.8739185379287739,0.6109734412957769,278,97,other
38,-0.754076058,0.273291023,0.597228027,0.8933910720319402,0.5881122007911135,284,93,other
39,-0.776102732,0.140617542,0.614728603,0.8933840836082624,0.544908790612746,284,86,other
40,-0.686143529,0.213029758,0.695575575,0.8739135755426415,0.5683331286238555,278,90,other
41,-0.582556426,0.281234753,0.762584438,0.853825199430799,0.5907439580046646,272,93,other
42,-0.490666665,0.21302932,0.844905162,0.8337368574467394,0.5683329859502693,265,90,other
43,-0.600646395,0.144953921,0.786264757,0.8538252005773341,0.5463033937196747,272,86,other
44,-0.700404079,0.072477014,0.710057186,0.8739107707195277,0.5230903955833959,278,83,other
45,-0.783881734,-5.58e-09,0.620910161,0.8933815840694903,0.49999999822383084,284,79,other
46,-0.776102751,-0.140617545,0.61472858,0.8933840884029475,0.45509120846926326,284,72,other
47,-0.700404079,-0.072477024,0.710057186,0.8739107707195277,0.47690960124187654,278,75,other
48,-0.607057823,-8.25e-09,0.794657662,0.8538251863814404,0.49999999737394346,272,79,other
49,-0.500888608,0.072476851,0.862471859,0.8337396633088124,0.523090343558678,265,83,other
50,-0.389009857,0.140616971,0.910438465,0.8142664659471732,0.5449086070146514,259,86,other
51,-0.283877888,0.068322357,0.956423233,0.7959208896603616,0.5217646368110905,253,82,other
52,-0.392928376,-7.2e-09,0.919569079,0.8142689851871003,0.49999999770816883,259,79,other
53,-0.500888574,-0.072476875,0.862471877,0.8337396571745832,0.476909648787147,265,75,other
54,-0.600646334,-0.144953925,0.786264803,0.8538251882882993,0.4536966049985576,272,72,other
55,-0.686143488,-0.213029769,0.695575611,0.8739135666697876,0.4316668677405735,278,68,other
56,-0.754076058,-0.273291023,0.597228027,0.8933910720319402,0.41188779920888646,284,65,other
57,-0.721171719,-0.392126932,0.57109353,0.893401144991233,0.37173939873621276,284,59,other
58,-0.660036541,-0.341613676,0.669067904,0.873918547035559,0.38902656406619057,278,61,other
59,-0.582556391,-0.281234736,0.76258447,0.853825191596291,0.4092560475625728,272,65,other
60,-0.490666695,-0.213029352,0.844905137,0.833736863717753,0.43166700365326593,265,68,other
61,-0.389009855,-0.140617,0.910438461,0.8142664659041728,0.45509138364626694,259,72,other
62,-0.283877929,-0.068322372,0.95642322,0.7959208965207317,0.47823535840809894,253,76,other
63,-0.181447719,7.96e-10,0.983400592,0.7790391575250002,0.5000000002533747,248,79,other
64,-0.079979697,-0.058108062,0.995101352,0.7627643884696492,0.48149320456950423,243,76,u075
65,-0.174828602,-0.127019037,0.976371407,0.7781993642000293,0.45945906883680265,248,73,other
66,-0.275291972,-0.200009092,0.940324781,0.7953279432350822,0.4359028294128629,253,69,other
67,-0.376391953,-0.273461672,0.885182361,0.8139885493434502,0.4118313288196383,259,65,other
68,-0.472190745,-0.343062824,0.811999876,0.8338296582676854,0.3885356215525035,265,61,other
69,-0.55730705,-0.404902582,0.724888095,0.854315924013714,0.36730543009311717,272,58,other
70,-0.628320902,-0.456496616,0.629939429,0.8747952757277996,0.3491040525312365,279,55,other
71,-0.68429342,-0.497162506,0.533452864,0.8946143935217821,0.3343752789198223,285,53,other
72,-0.595794789,-0.564694641,0.571094154,0.8783684792102194,0.30899394830257043,280,49,other
73,-0.528861431,-0.52216169,0.669068574,0.8564566830599966,0.325125747784957,273,51,other
74,-0.492942963,-0.632712048,0.597229185,0.8598213733266594,0.28194168242967693,274,44,other
75,-0.373568973,-0.694660382,0.614730165,0.8369079905826369,0.25555466539101596,266,40,other
76,-0.414637947,-0.586726747,0.695576809,0.8355540276949575,0.3004162740731052,266,47,other
77,-0.447494234,-0.46713261,0.762585101,0.8344581397777564,0.34528706427532185,266,54,other
78,-0.354230631,-0.400817851,0.84490574,0.8131835905733409,0.36872602075221284,259,58,other
79,-0.323472903,-0.526451473,0.786265939,0.812117941386991,0.3235221821872675,259,51,other
80,-0.28537025,-0.643723795,0.710058798,0.8108195252472865,0.2773885705703556,258,44,other
81,-0.242236492,-0.745513156,0.620911923,0.8092007175857091,0.2322044772534798,258,36,other
82,-0.106096205,-0.781569116,0.614730276,0.7772005632053314,0.21441962477539203,247,34,other
83,-0.147509641,-0.688518268,0.710058801,0.7825996122069984,0.25826149399837534,249,41,other
84,-0.187593828,-0.577343546,0.794659038,0.7868959567906828,0.3040893451240757,251,48,other
85,-0.223715256,-0.453973687,0.862472826,0.7903927117075988,0.3500060062682653,252,55,other
86,-0.253947767,-0.326514061,0.91043896,0.7932925678671805,0.39412594904561393,253,62,other
87,-0.152703072,-0.248869034,0.956423534,0.7751980840569249,0.41994112479051654,247,66,other
88,-0.121423119,-0.373694857,0.91956978,0.770894484122769,0.37809072234462193,245,60,other
89,-0.085855088,-0.498767919,0.862472879,0.7657910981361226,0.33378600224065696,244,53,u075
90,-0.047752107,-0.616040131,0.786266045,0.7596540610469523,0.28873590562307877,242,45,u075
91,-0.009428102,-0.718389689,0.695577002,0.7521571115064687,0.24487950156008556,239,38,u075
92,0.026891631,-0.801619553,0.59722938,0.7428385186762445,0.2039720123529931,236,32,u075
93,0.150080241,-0.807048395,0.571094397,0.7090998126197247,0.2010636337708512,226,31,other
94,0.120930992,-0.733295674,0.669068867,0.7215407620071685,0.2379811204066574,230,37,other
95,0.087449792,-0.640949368,0.762585366,0.7318282193991346,0.27854084451999467,233,44,u075
96,0.050977981,-0.532480266,0.844905919,0.7404089039899616,0.32126005508386113,236,51,u075
97,0.01352336,-0.413422178,0.910439027,0.7476361389843239,0.36433337364109675,238,57,u075
98,-0.02274537,-0.291095547,0.956423562,0.7537842604291641,0.4059802432643196,240,64,u075
99,-0.056071144,-0.172565956,0.983400741,0.7590648171409544,0.4447942066684221,242,70,u075
100,0.030549126,-0.094021175,0.995101387,0.7451155551491975,0.4700278605323949,237,74,u075
101,0.066777472,-0.205522395,0.976371504,0.7391317601040238,0.43411065966014,235,69,u075
102,0.105150303,-0.323623798,0.940324971,0.7322763886373409,0.3950987831006392,233,62,u075
103,0.143766318,-0.442473632,0.885182654,0.7243747165024161,0.35410102549155864,231,56,other
104,0.180357511,-0.555091619,0.812000285,0.7152140059779701,0.3126831916672008,228,49,other
105,0.212868404,-0.655151551,0.724888604,0.7045410268186101,0.2726047647634301,224,43,other
106,0.239992761,-0.738633344,0.629939885,0.6920674943928775,0.23547151563460744,220,37,other
107,0.261371961,-0.804432868,0.533453333,0.6774913698180435,0.2024693345620734,216,32,other
108,0.352947486,-0.741133792,0.571094365,0.6618975665577196,0.2342884053459277,211,37,other
109,0.333179804,-0.664332905,0.669068764,0.6764661764078134,0.2687157334319412,215,42,other
110,0.449420088,-0.664333485,0.597229106,0.6473283928518143,0.26871548620511926,206,42,other
111,0.54522602,-0.569944019,0.614729536,0.6345250357575855,0.30696487711877113,202,48,other
112,0.429883046,-0.575650655,0.69557666,0.6618970587054032,0.30474882938906717,211,48,other
113,0.305987863,-0.569943079,0.762585283,0.6892690068391802,0.30696524119016994,219,48,other
114,0.271738768,-0.460751862,0.844905772,0.7004754444089657,0.34757980871099364,223,55,other
115,0.400729396,-0.470321557,0.786265594,0.674982795603149,0.34413793601899756,215,54,other
116,0.524037391,-0.470321874,0.710057848,0.6488108514766507,0.34413782165635587,206,54,other
117,0.634174233,-0.460752787,0.620910551,0.6233181200185847,0.34757947704005693,198,55,other
118,0.710535213,-0.342416955,0.614727858,0.6135141798702322,0.3887544632038592,195,61,other
119,0.609241107,-0.353050043,0.710056998,0.637138442626002,0.38514453743163884,203,61,other
120,0.491120505,-0.356818574,0.794657885,0.6618966402495866,0.3838614343263011,211,61,other
121,0.362625604,-0.353049631,0.862472393,0.6866548122710283,0.3851446775765874,219,61,other
122,0.232060714,-0.342416149,0.910438908,0.710278968441544,0.38875473626266493,226,61,other
123,0.189502077,-0.222133158,0.956423454,0.7188688519758545,0.42869803007207774,229,68,other
124,0.317885877,-0.230956726,0.919569225,0.6970284571739418,0.4258144181004323,222,67,other
125,0.447829577,-0.235778328,0.862471594,0.6737774015413341,0.4242360723735824,214,67,other
126,0.571137135,-0.235778475,0.786263877,0.6500155031641577,0.4242360242275307,207,67,other
127,0.680320176,-0.230957059,0.695574076,0.6267644045863039,0.42581430917789237,199,67,other
128,0.770699495,-0.222133639,0.597226033,0.6049239312016398,0.4286978730138996,192,68,other
129,0.813929477,-0.10665214,0.571090298,0.5973757299655209,0.46598687904712166,190,74,other
130,0.734779488,-0.111584389,0.66906504,0.6175553364856158,0.464407462685701,197,73,other
131,0.636607045,-0.114891009,0.762582144,0.6392908812446602,0.46334811857320135,203,73,other
132,0.522176321,-0.116059696,0.844903566,0.661896286071092,0.4629736085648696,211,73,other
133,0.397370508,-0.114890917,0.910437673,0.6845016924984061,0.46334814804951013,218,73,other
134,0.269822221,-0.111584253,0.956422984,0.7062371996865104,0.46440750626901883,225,73,other
135,0.146794345,-0.106651938,0.983400623,0.726416729680918,0.4659869437137722,231,74,other
136,0.098860477,1.59e-09,0.995101304,0.7342401237093922,0.5000000005061127,234,79,u075
137,0.216100878,-3.99e-10,0.976371041,0.7153329960847373,0.49999999987299437,228,79,other
138,0.340281017,7.96e-10,0.94032379,0.6947388998399812,0.5000000002533747,221,79,other
139,0.465247694,3.19e-09,0.885180537,0.6729826290058026,0.5000000010154085,214,79,other
140,0.583661356,3.19e-09,0.811997181,0.6508097857431039,0.5000000010154085,207,79,other
141,0.688870195,5.58e-09,0.724884718,0.6290534960459325,0.5000000017761692,200,79,other
142,0.776647413,5.57e-09,0.629935549,0.608459354494663,0.5000000017729861,194,79,other
143,0.845832284,0.0,0.533448917,0.589552171717145,0.5,188,79,other
144,0.813929452,0.106652137,0.571090334,0.5973757369810891,0.5340131199961905,190,84,other
145,0.734779452,0.111584404,0.669065077,0.6175553447488829,0.5355925421197706,197,85,other
146,0.770699464,0.222133652,0.597226068,0.6049239388171317,0.5713021312374884,192,90,other
147,0.710535251,0.342416936,0.614727825,0.6135141714311372,0.6112455303349472,195,97,other
148,0.680320126,0.230957125,0.695574103,0.6267644135215855,0.5741857124137499,199,91,other
149,0.636607044,0.114891019,0.762582143,0.6392908812649779,0.5366518846403301,203,85,other
150,0.522176231,0.116059712,0.84490362,0.6618963028877367,0.5370263965446677,211,85,other
151,0.571137098,0.235778479,0.786263902,0.6500155104730503,0.5757639771237602,207,91,other
152,0.609241197,0.353050073,0.710056906,0.6371384208160319,0.6148554727631474,203,97,other
153,0.63417426,0.460752817,0.620910501,0.6233181102246307,0.6524205337359322,198,103,other
154,0.545226023,0.569944058,0.614729497,0.6345250303103844,0.6930351380138375,202,110,other
155,0.52403742,0.4703219,0.71005781,0.6488108431990329,0.6558621876464714,206,104,other
156,0.491120557,0.356818594,0.794657845,0.6618966291307359,0.6161385723804846,211,97,other
157,0.447829544,0.235778348,0.862471605,0.6737774071679408,0.5757639342217594,214,91,other
158,0.397370421,0.114890903,0.910437713,0.6845017078369702,0.5366518474556907,218,85,other
159,0.269822221,0.111584253,0.956422984,0.7062371996865104,0.5355924937309812,225,85,other
160,0.317885876,0.230956744,0.919569221,0.6970284571147668,0.5741855877761854,222,91,other
161,0.362625599,0.353049664,0.862472382,0.6866548123298427,0.6148553336085417,219,97,other
162,0.400729364,0.470321564,0.786265606,0.67498280172766,0.6558620665221231,215,104,other
163,0.429883067,0.575650671,0.695576633,0.6618970524656248,0.6952511769609528,211,110,other
164,0.44942011,0.664333442,0.597229137,0.6473283930777242,0.7312844955291978,206,116,other
165,0.352947486,0.741133792,0.571094365,0.6618975665577196,0.7657115946540722,211,121,other
166,0.333179804,0.664332905,0.669068764,0.6764661764078134,0.7312842665680587,215,116,other
167,0.305987863,0.569943079,0.762585283,0.6892690068391802,0.69303475880983,219,110,other
168,0.27173871,0.460751835,0.844905806,0.7004754561769919,0.6524201815186668,223,103,other
169,0.232060679,0.342416135,0.910438923,0.7102789748142729,0.6112452589083519,226,97,other
170,0.189502112,0.222133193,0.956423439,0.7188688458957573,0.5713019813498244,229,90,other
171,0.146794354,0.106651938,0.983400621,0.7264167282088297,0.5340130563082723,231,84,other
172,0.030549123,0.094021168,0.995101387,0.7451155556285611,0.5299721372520613,237,84,u075
173,0.066777477,0.205522379,0.976371507,0.7391317593260759,0.5658893351375028,235,89,u075
174,0.105150314,0.323623764,0.940324982,0.7322763870041489,0.6049012054071836,233,96,u075
175,0.143766299,0.442473602,0.885182672,0.7243747203429249,0.6458989638714157,231,102,other
176,0.180357511,0.555091619,0.812000285,0.7152140059779701,0.6873168083327991,228,109,other
177,0.212868393,0.655151595,0.724888567,0.7045410268458369,0.7273952538675457,224,115,other
178,0.239992742,0.738633361,0.629939872,0.6920674974921074,0.764528492459776,220,121,other
179,0.261371961,0.804432868,0.533453333,0.6774913698180435,0.7975306654379266,216,126,other
180,0.181391744,0.862542259,0.47235356,0.6916454647863757,0.8311290960565144,220,132,other
181,0.115427467,0.913703401,0.389644191,0.704163061986996,0.8667903259763272,224,137,other
182,0.048756545,0.955435041,0.291147181,0.7235923850820801,0.9046132437270357,230,143,other
183,-0.023806662,0.983374157,0.180023636,0.770925529485501,0.9418753286655369,245,149,other
184,-0.098727867,0.993241975,0.061017926,0.9118950312270446,0.9629728823929881,290,153,other
185,-0.171660656,0.983374796,-0.059216804,0.05286835616625766,0.9418764481103342,16,149,other
186,-0.238598209,0.955436218,-0.173817511,0.10020315707461018,0.9046145129334173,31,143,other
187,-0.296877756,0.913704942,-0.277501129,0.1196329557384607,0.8667915333987319,38,137,other
188,-0.341353336,0.862543758,-0.373491854,0.13215058582425315,0.8311300389364297,42,132,other
189,-0.360233877,0.804433703,-0.47235365,0.1463043168457095,0.7975311129207142,46,126,other
190,-0.456096391,0.738634772,-0.496381664,0.13172748436469875,0.7645291587069524,42,121,other
191,-0.443673559,0.8070508,-0.389644426,0.11469542868952273,0.7989376629983893,36,127,other
192,-0.414825123,0.86565828,-0.280278184,0.09456966135325648,0.8330997632510356,30,132,other
193,-0.368557903,0.913209994,-0.173817659,0.07013693437174817,0.866404377477207,22,137,other
194,-0.308463289,0.949354998,-0.059795386,0.03047410837271388,0.8982619083012624,9,142,other
195,-0.238671736,0.969099539,0.062304784,0.9593598700940519,0.9206636310461384,306,146,other
196,-0.162464646,0.969098879,0.185614121,0.8644307380915754,0.9206627792248734,275,146,other
197,-0.084470125,0.949353118,0.302644107,0.7933188789351776,0.8982600041929888,253,142,other
198,-0.009364001,0.913207209,0.40738791,0.7536576064987284,0.8664022017392647,240,137,u075
199,0.065163057,0.865655213,0.496381736,0.7292255548986144,0.8330978135579513,232,132,other
200,-0.062425118,0.855164836,0.514583529,0.7692135070443026,0.8265441661504012,245,131,u075
201,-0.143426607,0.896463663,0.419263294,0.8024594600662361,0.8538725331439,255,135,other
202,-0.224119171,0.924303534,0.308923251,0.8498897790948503,0.8753531502976525,271,139,other
203,-0.303532246,0.934171331,0.187595577,0.9118950195026804,0.8838593191679782,290,140,other
204,-0.376533644,0.924305428,0.062304827,0.9739011957556615,0.8753547299458692,310,139,other
205,-0.439135607,0.896467109,-0.059216902,0.021333162660566427,0.8538750085820573,6,135,other
206,-0.488165975,0.855169123,-0.174297882,0.05458033392491828,0.826546798882953,17,131,other
207,-0.522142612,0.801623497,-0.29114749,0.08095583878683141,0.7960300877551124,25,126,other
208,-0.544342099,0.733298577,-0.407387869,0.10225370267912355,0.7620202385998956,32,121,other
209,-0.553153093,0.655153395,-0.51458302,0.11925330873542699,0.7273960122516268,38,115,other
210,-0.645609287,0.555093452,-0.524461541,0.10857979555059934,0.6873175098083372,34,109,other
211,-0.642960924,0.640952373,-0.419262813,0.09196561121309221,0.7214604014011832,29,114,other
212,-0.626352073,0.718393795,-0.302644073,0.07163652094298521,0.755122377443223,22,120,other
213,-0.597271709,0.781574,-0.180023856,0.04659263534818831,0.7855828672393045,14,124,other
214,-0.556756365,0.828563072,-0.05920799,0.01686188249537177,0.8108411803000779,5,128,other
215,-0.503941418,0.861579856,0.061018026,0.9808226217602013,0.8305246359794961,312,132,other
216,-0.438188248,0.879510315,0.185614291,0.9362298161442373,0.8421297185017426,298,133,other
217,-0.361980786,0.879509103,0.308923369,0.8875603809271632,0.8421289078985781,283,133,other
218,-0.279947078,0.861576487,0.423456716,0.8429685443330306,0.8305225236343744,268,132,other
219,-0.196036153,0.828558306,0.524462544,0.8069305041723227,0.8108384708968494,257,128,other
220,-0.32842607,0.785541436,0.524462552,0.8390427674012169,0.7876154569466433,267,125,other
221,-0.41090032,0.809554934,0.419263324,0.8733967397120118,0.8002915004028518,278,127,other
222,-0.489682762,0.817690158,0.302644341,0.9118950223861093,0.804745742988274,290,127,other
223,-0.558755759,0.809557522,0.180023943,0.9503936800036176,0.8002929035303166,303,127,other
224,-0.6159643,0.785545924,0.059207959,0.9847485038788563,0.7876177654602712,314,125,other
225,-0.663686405,0.745518049,-0.06101799,0.014591365226679904,0.7677978594792175,4,122,other
226,-0.701058978,0.688522859,-0.185614068,0.04119307473946798,0.7417405210984948,13,117,other
227,-0.724607997,0.616043833,-0.308922718,0.06413901546604414,0.7112655904626471,20,113,other
228,-0.732903377,0.5324829,-0.423455548,0.08338439686710448,0.6787409354735773,26,107,other
229,-0.727431567,0.442475188,-0.524460697,0.09941860741906078,0.6458995268680194,31,102,other
230,-0.794023579,0.323624913,-0.51458087,0.09151655788746464,0.6049015919923875,29,96,other
231,-0.808270004,0.413424098,-0.419261393,0.07615673765248017,0.6356672976020571,24,101,other
232,-0.809811524,0.49877089,-0.30892215,0.0580015533000734,0.6662150888914009,18,105,other
233,-0.794655903,0.57734745,-0.18759509,0.03689633660278367,0.6959121769616141,11,110,other
234,-0.762713652,0.64372821,-0.062304702,0.0129722767900847,0.722613266027407,4,114,other
235,-0.71689203,0.694664798,0.059216848,0.9868832323102529,0.7444472887623773,314,118,other
236,-0.662463627,0.728534294,0.174297805,0.9590534619138049,0.759798106085958,305,120,other
237,-0.601039981,0.744301073,0.291147477,0.9282060161070684,0.7672172305039535,296,121,other
238,-0.529200322,0.744299707,0.407387979,0.8955840910530565,0.7672165793160667,285,121,other
239,-0.45215795,0.728530774,0.514583423,0.8647371227969675,0.759796470387683,275,120,other
240,-0.561544308,0.662022132,0.496381594,0.8847907445719634,0.7303015278627696,282,116,other
241,-0.653744722,0.591185315,0.472353429,0.9004182555240264,0.7013398163156659,287,111,other
242,-0.630449846,0.671349629,0.389644282,0.9118950186441366,0.734285086011358,290,116,other
243,-0.695102841,0.662024374,0.28027802,0.9389994935570609,0.7303024800721741,299,116,other
244,-0.754625003,0.632715249,0.173817485,0.9639692768843229,0.718059633375797,307,114,other
245,-0.807571751,0.586730254,0.059795278,0.9882371076870965,0.6995851045411207,315,111,other
246,-0.847917126,0.526454832,-0.062304563,0.011673653033115504,0.6764790751954183,3,107,other
247,-0.871466025,0.453976502,-0.185613316,0.03339928873381871,0.6499949993479304,10,103,other
248,-0.876788504,0.373696962,-0.302642528,0.05289783956511907,0.6219100000558792,16,98,other
249,-0.865621062,0.291096758,-0.407385388,0.0700082842471659,0.594020159630693,22,94,other
250,-0.843426776,0.205523011,-0.496378449,0.08466086336503598,0.5658895407052579,27,89,other
251,-0.876382187,0.094021413,-0.472349696,0.07867677469133447,0.5299722155887828,25,84,other
252,-0.904654969,0.172566514,-0.389641097,0.06472743333846367,0.5552059736703523,20,88,other
253,-0.923741409,0.248870123,-0.291145104,0.04859395916390413,0.580059233120389,15,92,other
254,-0.927889705,0.326515815,-0.180022546,0.03049920127272655,0.605874641706155,9,96,other
255,-0.914122605,0.400820051,-0.06101762,0.010607845397627911,0.6312747435395178,3,100,other
256,-0.882200773,0.467135085,0.059216625,0.9893329245473897,0.6547138268045369,315,104,other
257,-0.834944525,0.522163994,0.173817156,0.9673339893094876,0.6748751121664166,308,107,other
258,-0.777245912,0.564696491,0.277500748,0.945421858508188,0.6910067653439189,301,109,other
259,-0.714844678,0.591186166,0.373491637,0.9233718287060609,0.7013401522509476,294,111,other
260,-0.783155826,0.497163251,0.37349117,0.929175772120616,0.6656249944034228,296,105,other
261,-0.844425516,0.456497853,0.28027711,0.9489951218686701,0.6508963900420409,302,103,other
262,-0.897593039,0.404904105,0.174296879,0.9694747784641753,0.6326951000442207,309,100,other
263,-0.937444071,0.343064253,0.059207534,0.9899613510339582,0.6114648626701578,315,97,other
264,-0.960058592,0.273462931,-0.059207481,0.0098027810407002,0.5881690878157447,3,93,other
265,-0.964166394,0.200009975,-0.174296229,0.028463677410925176,0.5640974574391641,9,89,other
266,-0.9514787,0.127019491,-0.280275459,0.045592505396039006,0.5405410768494303,14,85,other
267,-0.925813108,0.058108231,-0.373488316,0.06102767510179779,0.5185068493150903,19,82,other
268,-0.925813108,-0.058108236,-0.373488316,0.06102767510179779,0.4814931490960496,19,76,other
269,-0.960726091,1.59e-09,-0.277498428,0.04475266571251474,0.5000000005061127,14,79,other
270,-0.982405228,0.068322636,-0.173815953,0.02787069000075082,0.5217647258305469,8,82,other
271,-0.988291518,0.140617575,-0.059216317,0.009524836632478663,0.5449088012208899,3,86,other
272,-0.975138439,0.213030242,0.061017554,0.990054129605787,0.5683332862914552,315,90,other
273,-0.942601861,0.281235751,0.180022734,0.9699654933949861,0.5907442890430757,309,93,other
274,-0.893606975,0.341614585,0.291146097,0.9498718667312884,0.6109737437405076,303,97,other
275,-0.833315268,0.392127381,0.389643147,0.9303890549882636,0.6282607565109922,296,99,other
276,-0.764273775,0.439053983,0.47235283,0.9118950514796864,0.6446863172985442,290,102,other
277,-0.80315092,0.329476828,0.496380519,0.9118950508955413,0.606872356470542,290,96,other
278,-0.871405798,0.273291442,0.407386454,0.9303991172200695,0.5881123394761927,296,93,other
279,-0.928991655,0.21303036,0.302642646,0.9498768436628122,0.5683333247552382,303,90,other
280,-0.971872434,0.144954476,0.185612963,0.9699654947893077,0.5463035722446812,309,86,other
281,-0.995422137,0.072477181,0.06230432,0.9900513345916396,0.5230904488575193,315,83,other
282,-0.998210688,-6.44e-09,-0.059794832,0.009522323232364016,0.4999999979500843,3,79,other
283,-0.982405227,-0.06832265,-0.173815953,0.027870690028544202,0.47823526970211283,8,76,other
284,-0.95147871,-0.127019493,-0.280275424,0.045592499555598534,0.4594589225070876,14,73,other
285,-0.904654956,-0.172566526,-0.389641124,0.06472743817616806,0.44479402249807143,20,70,other
286,-0.876382189,-0.094021405,-0.472349694,0.07867677425819077,0.47002778697070713,25,74,other
287,-0.843426828,-0.205523004,-0.496378365,0.08466084730272694,0.4341104616198955,27,69,other
288,-0.794023594,-0.32362492,-0.514580842,0.09151655256289713,0.395098405627399,29,62,other
289,-0.865621081,-0.291096744,-0.407385358,0.0700082783855189,0.405979845041886,22,64,other
290,-0.923741387,-0.248870138,-0.29114516,0.04859396902722905,0.41994076192653595,15,66,other
291,-0.964166397,-0.200009956,-0.17429623,0.028463677484083304,0.4359025486857939,9,69,other
292,-0.988291518,-0.140617575,-0.059216317,0.009524836632478663,0.4550911987791101,3,72,other
293,-0.995422136,-0.072477191,0.06230431,0.9900513361743006,0.47690954793031637,315,75,other
294,-0.982246598,-3.99e-09,0.187594299,0.9699654905231097,0.4999999987299435,309,79,other
295,-0.948321943,0.072477247,0.308921579,0.9498796353776482,0.5230904699214396,303,83,other
296,-0.89690936,0.140617763,0.419261547,0.9304060993759093,0.5449088616417633,296,86,other
297,-0.832600971,0.20489285,0.514581911,0.9118950451898422,0.5656845925725849,290,89,other
298,-0.848585065,0.069600838,0.524460781,0.9118950401175664,0.5221725611243331,290,83,other
299,-0.905917216,-3.19e-09,0.423454835,0.9304086148880167,0.49999999898459146,296,79,other
300,-0.948321943,-0.072477247,0.308921579,0.9498796353776482,0.47690953007856035,303,75,other
301,-0.971872431,-0.144954495,0.185612963,0.9699654946987818,0.45369642163534296,309,72,other
302,-0.975138435,-0.21303026,0.061017549,0.9900541303779758,0.43166670781860284,315,68,other
303,-0.960058597,-0.273462913,-0.059207481,0.009802780989776199,0.41183091812984074,3,65,other
304,-0.927889717,-0.326515781,-0.180022548,0.030499201218482118,0.39412536978717544,9,62,other
305,-0.87678857,-0.373696848,-0.302642478,0.05289782776029607,0.3780900390830227,16,60,other
306,-0.808269965,-0.413424156,-0.419261412,0.07615674373938805,0.3643326821830555,24,57,other
307,-0.727431567,-0.442475188,-0.524460697,0.09941860741906078,0.3541004731319806,31,56,other
308,-0.645609358,-0.555093447,-0.524461459,0.10857977480675107,0.3126824921171684,34,49,other
309,-0.732903362,-0.532482927,-0.42345554,0.08338439697564352,0.32125905437205404,26,51,other
310,-0.809811515,-0.498770884,-0.308922185,0.0580015598939354,0.3337849134094414,18,53,other
311,-0.87146607,-0.453976411,-0.185613326,0.033399288806401445,0.35000503312245135,10,55,other
312,-0.914122606,-0.400820047,-0.061017626,0.010607846426064719,0.36872525780525517,3,58,other
313,-0.937444065,-0.343064268,0.059207539,0.989961350124373,0.38853513222547265,315,61,other
314,-0.942601856,-0.281235768,0.180022733,0.9699654934023291,0.4092557053076144,309,65,other
315,-0.92899164,-0.213030394,0.302642667,0.9498768396534266,0.43166666414462074,303,68,other
316,-0.896909344,-0.140617782,0.419261576,0.930406094063546,0.4550911322713439,296,72,other
317,-0.848585086,-0.069600833,0.524460747,0.9118950464932545,0.47782744046310405,290,75,other
318,-0.832600971,-0.20489285,0.514581911,0.9118950451898422,0.4343154074274151,290,69,other
319,-0.871405812,-0.273291446,0.407386422,0.9303991229973213,0.41188765922337356,296,65,other
320,-0.893606975,-0.341614585,0.291146097,0.9498718667312884,0.38902625625949244,303,61,other
321,-0.897593054,-0.404904077,0.174296867,0.9694747810123157,0.36730490970817264,309,58,other
322,-0.882200805,-0.467135025,0.059216618,0.9893329261903406,0.3452861947599773,315,54,other
323,-0.847917159,-0.526454776,-0.06230458,0.011673655754199411,0.3235209456836494,3,51,other
324,-0.794655948,-0.57734739,-0.187595083,0.03689633325950298,0.30408784638545594,11,48,other
325,-0.724607997,-0.616043833,-0.308922718,0.06413901546604414,0.2887344095373529,20,45,other
326,-0.642960918,-0.640952406,-0.419262771,0.09196560459794835,0.2785395848301405,29,44,other
327,-0.553153078,-0.655153421,-0.514583003,0.11925330826562046,0.27260397679080617,38,43,other
328,-0.456096357,-0.738634762,-0.496381709,0.13172749746408108,0.2354708458209266,42,37,other
329,-0.544342072,-0.733298592,-0.407387877,0.102253707965388,0.23797975422700687,32,37,other
330,-0.626352066,-0.718393787,-0.302644107,0.0716365286438537,0.24487762626945397,22,38,other
331,-0.701059016,-0.688522822,-0.185614058,0.04119307048354741,0.25825949493257994,13,41,other
332,-0.762713652,-0.64372821,-0.062304702,0.0129722767900847,0.277386733972593,4,44,other
333,-0.807571734,-0.586730277,0.059795283,0.9882371064603603,0.30041488643302533,315,47,other
334,-0.834944541,-0.522163967,0.17381716,0.967333989187234,0.3251248979022886,308,51,other
335,-0.844425521,-0.456497855,0.280277092,0.9489951252063481,0.3491036092571553,302,55,other
336,-0.833315244,-0.392127406,0.389643172,0.9303890493113808,0.3717392347766675,296,59,other
337,-0.80315092,-0.329476828,0.496380519,0.9118950508955413,0.39312764352945795,290,62,other
338,-0.764273744,-0.439054009,0.472352857,0.91189504452416,0.35531367356419274,290,56,other
339,-0.783155855,-0.497163222,0.373491147,0.9291757782184675,0.3343750161814775,296,53,other
340,-0.777245873,-0.564696519,0.277500799,0.9454218467168544,0.30899322378083255,301,49,other
341,-0.754625003,-0.632715249,0.173817485,0.9639692768843229,0.2819403666242029,307,44,other
342,-0.716892067,-0.69466476,0.059216859,0.9868832305586442,0.2555527282923739,314,40,other
343,-0.663686368,-0.745518083,-0.061017973,0.01459136199308064,0.2322021241949427,4,36,other
344,-0.597271769,-0.781573952,-0.180023862,0.04659263239618532,0.2144171570144999,14,34,other
345,-0.522142612,-0.801623497,-0.29114749,0.08095583878683141,0.2039699122448877,25,32,other
346,-0.443673559,-0.8070508,-0.389644426,0.11469542868952273,0.2010623370016107,36,31,other
347,-0.360233899,-0.804433676,-0.472353679,0.1463043168705159,0.20246890150536995,46,32,other
348,-0.34135336,-0.862543722,-0.373491915,0.13215059319629863,0.1688699836696188,42,26,other
349,-0.414825121,-0.865658275,-0.280278201,0.09456966618728478,0.16690023971160128,30,26,other
350,-0.488165975,-0.855169123,-0.174297882,0.05458033392491828,0.17345320111704693,17,27,other
351,-0.556756391,-0.828563054,-0.059207988,0.016861881148488286,0.18915882967089473,5,30,other
352,-0.615964324,-0.785545905,0.059207958,0.9847485047254914,0.21238224423185295,314,33,other
353,-0.66246367,-0.728534258,0.174297796,0.9590534664781103,0.2402019108761053,305,38,other
354,-0.695102876,-0.662024331,0.280278034,0.9389994935792434,0.2696975381298725,299,42,other
355,-0.714844678,-0.591186166,0.373491637,0.9233718287060609,0.2986598477490524,294,47,other
356,-0.653744786,-0.591185235,0.472353441,0.9004182610010321,0.2986602153070959,287,47,other
357,-0.630449846,-0.671349629,0.389644282,0.9118950186441366,0.265714913988642,290,42,other
358,-0.601039981,-0.744301073,0.291147477,0.9282060161070684,0.23278276949604643,296,37,other
359,-0.558755761,-0.809557525,0.180023925,0.9503936848148211,0.19970709497721406,303,31,other
360,-0.503941418,-0.861579855,0.061018031,0.9808226202039159,0.1694753643469139,312,26,other
361,-0.439135607,-0.896467109,-0.059216907,0.02133316444034157,0.1461249916086154,6,23,other
362,-0.36855787,-0.913210007,-0.173817661,0.07013694057615154,0.1335956124084832,22,21,other
363,-0.296877756,-0.913704942,-0.277501129,0.1196329557384607,0.13320846660126812,38,21,other
364,-0.23082303,-0.898456842,-0.373491676,0.1618982233015353,0.14468910239606497,51,23,other
365,-0.173215567,-0.944161386,-0.280277798,0.16189822126397937,0.10687455467022393,51,16,other
366,-0.238598208,-0.955436216,-0.173817525,0.10020316349290959,0.09538548951573365,31,15,other
367,-0.308463276,-0.949355001,-0.059795396,0.030474114598609523,0.101738088117115,9,16,other
368,-0.37653365,-0.924305426,0.062304822,0.9739011982212249,0.1246452717985578,310,19,other
369,-0.438188248,-0.879510315,0.185614291,0.9362298161442373,0.15787028149825755,298,25,other
370,-0.48968276,-0.817690154,0.302644358,0.911895018097302,0.19525425962811072,290,31,other
371,-0.529200314,-0.744299695,0.407388011,0.895584083847298,0.23278342635770985,285,37,other
372,-0.561544287,-0.662022107,0.496381652,0.8847907323905215,0.2696984828805836,282,42,other
373,-0.45215795,-0.728530774,0.514583423,0.8647371227969675,0.24020352961231697,275,38,other
374,-0.410900307,-0.809554908,0.419263387,0.8733967252396966,0.1997085137052904,278,31,other
375,-0.361980757,-0.87950911,0.308923383,0.8875603710695662,0.15787108740985006,283,25,other
376,-0.303532244,-0.934171324,0.187595614,0.9118950049953223,0.11614068690543332,290,18,other
377,-0.2386717,-0.969099548,0.062304785,0.9593598636028214,0.07933635758013773,306,12,other
378,-0.171660656,-0.983374795,-0.059216814,0.05286836445176517,0.058123552968237936,16,9,other
379,-0.107718269,-0.978783502,-0.174297533,0.16189823721385432,0.06568600163906817,51,10,other
380,-0.036591265,-0.997574814,-0.059207847,0.1618982324285761,0.022173049763925846,51,3,other
381,-0.098727848,-0.993241977,0.061017926,0.9118950175292256,0.0370271124232686,290,5,other
382,-0.162464627,-0.969098875,0.185614159,0.8644307127189961,0.07933722604947525,275,12,other
383,-0.224119148,-0.92430352,0.30892331,0.8498897568836902,0.12464686147996083,271,19,other
384,-0.279947146,-0.861576425,0.423456798,0.8429685479396246,0.16947751542778294,268,26,other
385,-0.32842607,-0.785541436,0.524462552,0.8390427674012169,0.21238454305335672,267,33,other
386,-0.196036164,-0.82855827,0.524462597,0.8069305018263949,0.18916154962827428,257,30,other
387,-0.143426617,-0.896463648,0.419263323,0.8024594600931962,0.1461274777252201,255,23,other
388,-0.084470115,-0.949353113,0.302644124,0.7933188717415391,0.10174000044280185,253,16,other
389,-0.023806654,-0.983374153,0.180023663,0.7709255194320641,0.058124679615912125,245,9,other
390,0.036591272,-0.997574814,0.059207847,0.6618982188125815,0.022173050932475347,211,3,other
391,0.107718277,-0.978783502,0.174297528,0.661898229886054,0.06568600162425575,211,10,other
392,0.048756564,-0.95543504,0.291147181,0.7235923749791019,0.09538675732130585,230,15,other
393,-0.009363985,-0.913207209,0.40738791,0.7536576002512811,0.1335977981538598,240,21,u075
394,-0.062425116,-0.85516487,0.514583473,0.7692135085053668,0.17345581304143579,245,27,u075
395,0.065163073,-0.86565516,0.496381826,0.7292255535794626,0.16690222005013866,232,26,other
396,0.115427477,-0.9137034,0.38964419,0.7041630581206687,0.1332096747002619,224,21,other
397,0.173215567,-0.944161386,0.280277798,0.6618982212639795,0.10687455467022393,211,16,other
398,0.230823011,-0.898456844,0.373491683,0.661898230494232,0.14468910096286203,211,23,other
399,0.181391756,-0.862542225,0.472353618,0.6916454678029106,0.16887092546643157,220,26,other
400,0.150080241,0.807048369,-0.571094433,0.2909001849140774,0.7989363523978629,92,127,other
401,0.120930998,0.733295712,-0.669068825,0.2784592411235874,0.7620188972154113,88,121,other
402,0.026891632,0.801619526,-0.597229416,0.2571614811586053,0.7960279733209346,82,126,u025
403,-0.106096205,0.781569116,-0.614730276,0.22279943679466857,0.785580375224608,71,124,other
404,-0.009428109,0.718389651,-0.695577041,0.2478428870130871,0.7551204810865718,79,120,u025
405,0.087449778,0.640949407,-0.762585336,0.26817177842560685,0.7214591714150254,85,114,u025
406,0.050977972,0.532480266,-0.844905919,0.25959109432085753,0.6787399450080105,82,107,u025
407,-0.047752128,0.616040106,-0.786266063,0.24034593493834544,0.7112640843356948,76,113,u025
408,-0.147509677,0.688518225,-0.710058835,0.21740038157535949,0.7417384871747771,69,117,other
409,-0.242236506,0.745513065,-0.620912026,0.1907992882391821,0.7677954794625269,60,122,other
410,-0.373568953,0.694660422,-0.614730132,0.1630920094071599,0.7444453523002486,52,118,other
411,-0.285370264,0.64372375,-0.710058833,0.18918047476552363,0.7226114107440631,60,114,other
412,-0.18759385,0.577343518,-0.794659052,0.21310403966270564,0.6959106441658002,67,110,other
413,-0.085855107,0.498767918,-0.862472878,0.23420889837395842,0.6662139973426336,74,105,u025
414,0.013523353,0.413422149,-0.91043904,0.2523638597585195,0.6356666162568428,80,101,u025
415,-0.022745379,0.291095547,-0.956423562,0.24621573807402536,0.5940197567158538,78,94,u025
416,-0.121423145,0.373694888,-0.919569764,0.22910551109499458,0.6219092882900685,73,98,other
417,-0.223715264,0.453973627,-0.862472856,0.2096072882546476,0.6499939722280835,66,103,other
418,-0.323472944,0.526451439,-0.786265945,0.18788205194250154,0.6764778050675166,59,107,other
419,-0.414637956,0.586726722,-0.695576825,0.1644459723958185,0.6995837160554411,52,111,other
420,-0.492942974,0.632712063,-0.597229161,0.1401786217899072,0.7180583235853081,44,114,other
421,-0.595794789,0.564694641,-0.571094154,0.12163152078978054,0.6910060516974296,38,109,other
422,-0.528861431,0.52216169,-0.669068574,0.14354331694000347,0.6748742522150429,45,107,other
423,-0.447494234,0.46713261,-0.762585101,0.16554186022224363,0.654712935724678,52,104,other
424,-0.354230608,0.400817826,-0.844905762,0.1868164145891813,0.6312739705032725,59,100,other
425,-0.253947761,0.326514129,-0.910438937,0.2067074320654504,0.6058740738832435,65,96,other
426,-0.152703091,0.248869034,-0.956423531,0.22480191278222378,0.580058875206859,71,92,other
427,-0.05607114,0.172565925,-0.983400747,0.24093518355950092,0.5552057832954708,76,88,u025
428,-0.079979697,0.058108062,-0.995101352,0.23723561153035078,0.5185067954304957,75,82,u025
429,-0.174828621,0.127019037,-0.976371404,0.2218006327142187,0.5405409311471931,70,85,other
430,-0.275291972,0.200009092,-0.940324781,0.20467205676491784,0.564097170587137,65,89,other
431,-0.37639196,0.273461649,-0.885182365,0.18601144984966012,0.5881686635794452,59,93,other
432,-0.472190757,0.343062756,-0.811999898,0.1661703418485181,0.611464355380484,53,97,other
433,-0.55730694,0.404902586,-0.724888178,0.14568409997109838,0.6326945712314974,46,100,other
434,-0.628320902,0.456496616,-0.629939429,0.12520472427220053,0.6508959474687634,39,103,other
435,-0.684293408,0.497162573,-0.533452817,0.10538560103224572,0.6656247456551235,33,105,other
436,-0.721171719,0.392126932,-0.57109353,0.10659885500876694,0.6282606012637872,34,99,other
437,-0.660036499,0.341613692,-0.669067938,0.12608146207122603,0.6109734412957769,40,97,other
438,-0.754076058,0.273291023,-0.597228027,0.10660892796805976,0.5881122007911135,34,93,other
439,-0.776102732,0.140617542,-0.614728603,0.10661591639173754,0.544908790612746,34,86,other
440,-0.686143529,0.213029758,-0.695575575,0.12608642445735863,0.5683331286238555,40,90,other
441,-0.582556426,0.281234753,-0.762584438,0.14617480056920099,0.5907439580046646,46,93,other
442,-0.490666665,0.21302932,-0.844905162,0.16626314255326063,0.5683329859502693,53,90,other
443,-0.600646395,0.144953921,-0.786264757,0.14617479942266587,0.5463033937196747,46,86,other
444,-0.700404079,0.072477014,-0.710057186,0.1260892292804723,0.5230903955833959,40,83,other
445,-0.783881734,-5.58e-09,-0.620910161,0.10661841593050968,0.49999999822383084,34,79,other
446,-0.776102751,-0.140617545,-0.61472858,0.10661591159705248,0.45509120846926326,34,72,other
447,-0.700404079,-0.072477024,-0.710057186,0.1260892292804723,0.47690960124187654,40,75,other
448,-0.607057823,-8.25e-09,-0.794657662,0.14617481361855955,0.49999999737394346,46,79,other
449,-0.500888608,0.072476851,-0.862471859,0.1662603366911876,0.523090343558678,53,83,other
450,-0.389009857,0.140616971,-0.910438465,0.18573353405282675,0.5449086070146514,59,86,other
451,-0.283877888,0.068322357,-0.956423233,0.20407911033963844,0.5217646368110905,65,82,other
452,-0.392928376,-7.2e-09,-0.919569079,0.1857310148128997,0.49999999770816883,59,79,other
453,-0.500888574,-0.072476875,-0.862471877,0.16626034282541668,0.476909648787147,53,75,other
454,-0.600646334,-0.144953925,-0.786264803,0.14617481171170077,0.4536966049985576,46,72,other
455,-0.686143488,-0.213029769,-0.695575611,0.12608643333021238,0.4316668677405735,40,68,other
456,-0.754076058,-0.273291023,-0.597228027,0.10660892796805976,0.41188779920888646,34,65,other
457,-0.721171719,-0.392126932,-0.57109353,0.10659885500876694,0.37173939873621276,34,59,other
458,-0.660036541,-0.341613676,-0.669067904,0.12608145296444084,0.38902656406619057,40,61,other
459,-0.582556391,-0.281234736,-0.76258447,0.14617480840370903,0.4092560475625728,46,65,other
460,-0.490666695,-0.213029352,-0.844905137,0.16626313628224698,0.43166700365326593,53,68,other
461,-0.389009855,-0.140617,-0.910438461,0.1857335340958272,0.45509138364626694,59,72,other
462,-0.283877929,-0.068322372,-0.95642322,0.20407910347926833,0.47823535840809894,65,76,other
463,-0.181447719,7.96e-10,-0.983400592,0.22096084247499978,0.5000000002533747,70,79,other
464,-0.079979697,-0.058108062,-0.995101352,0.23723561153035078,0.48149320456950423,75,76,u025
465,-0.174828602,-0.127019037,-0.976371407,0.2218006357999706,0.45945906883680265,70,73,other
466,-0.275291972,-0.200009092,-0.940324781,0.20467205676491784,0.4359028294128629,65,69,other
467,-0.376391953,-0.273461672,-0.885182361,0.18601145065654984,0.4118313288196383,59,65,other
468,-0.472190745,-0.343062824,-0.811999876,0.16617034173231462,0.3885356215525035,53,61,other
469,-0.55730705,-0.404902582,-0.724888095,0.14568407598628602,0.36730543009311717,46,58,other
470,-0.628320902,-0.456496616,-0.629939429,0.12520472427220053,0.3491040525312365,39,55,other
471,-0.68429342,-0.497162506,-0.533452864,0.10538560647821797,0.3343752789198223,33,53,other
472,-0.595794789,-0.564694641,-0.571094154,0.12163152078978054,0.30899394830257043,38,49,other
473,-0.528861431,-0.52216169,-0.669068574,0.14354331694000347,0.325125747784957,45,51,other
474,-0.492942963,-0.632712048,-0.597229185,0.1401786266733406,0.28194168242967693,44,44,other
475,-0.373568973,-0.694660382,-0.614730165,0.16309200941736313,0.25555466539101596,52,40,other
476,-0.414637947,-0.586726747,-0.695576809,0.16444597230504251,0.3004162740731052,52,47,other
477,-0.447494234,-0.46713261,-0.762585101,0.16554186022224363,0.34528706427532185,52,54,other
478,-0.354230631,-0.400817851,-0.84490574,0.18681640942665909,0.36872602075221284,59,58,other
479,-0.323472903,-0.526451473,-0.786265939,0.1878820586130089,0.3235221821872675,59,51,other
480,-0.28537025,-0.643723795,-0.710058798,0.18918047475271355,0.2773885705703556,60,44,other
481,-0.242236492,-0.745513156,-0.620911923,0.1907992824142909,0.2322044772534798,60,36,other
482,-0.106096205,-0.781569116,-0.614730276,0.22279943679466857,0.21441962477539203,71,34,other
483,-0.147509641,-0.688518268,-0.710058801,0.21740038779300164,0.25826149399837534,69,41,other
484,-0.187593828,-0.577343546,-0.794659038,0.21310404320931722,0.3040893451240757,67,48,other
485,-0.223715256,-0.453973687,-0.862472826,0.20960728829240113,0.3500060062682653,66,55,other
486,-0.253947767,-0.326514061,-0.91043896,0.20670743213281953,0.39412594904561393,65,62,other
487,-0.152703072,-0.248869034,-0.956423534,0.2248019159430751,0.41994112479051654,71,66,other
488,-0.121423119,-0.373694857,-0.91956978,0.22910551587723108,0.37809072234462193,73,60,other
489,-0.085855088,-0.498767919,-0.862472879,0.2342089018638775,0.33378600224065696,74,53,u025
490,-0.047752107,-0.616040131,-0.786266045,0.24034593895304773,0.28873590562307877,76,45,u025
491,-0.009428102,-0.718389689,-0.695577002,0.2478428884935312,0.24487950156008556,79,38,u025
492,0.026891631,-0.801619553,-0.59722938,0.2571614813237555,0.2039720123529931,82,32,u025
493,0.150080241,-0.807048395,-0.571094397,0.2909001873802754,0.2010636337708512,92,31,other
494,0.120930992,-0.733295674,-0.669068867,0.27845923799283134,0.2379811204066574,88,37,other
495,0.087449792,-0.640949368,-0.762585366,0.26817178060086533,0.27854084451999467,85,44,u025
496,0.050977981,-0.532480266,-0.844905919,0.2595910960100384,0.32126005508386113,82,51,u025
497,0.01352336,-0.413422178,-0.910439027,0.25236386101567615,0.36433337364109675,80,57,u025
498,-0.02274537,-0.291095547,-0.956423562,0.24621573957083584,0.4059802432643196,78,64,u025
499,-0.056071144,-0.172565956,-0.983400741,0.2409351828590457,0.4447942066684221,76,70,u025
500,0.030549126,-0.094021175,-0.995101387,0.2548844448508024,0.4700278605323949,81,74,u025
501,0.066777472,-0.205522395,-0.976371504,0.2608682398959762,0.43411065966014,83,69,u025
502,0.105150303,-0.323623798,-0.940324971,0.26772361136265904,0.3950987831006392,85,62,u025
503,0.143766318,-0.442473632,-0.885182654,0.27562528349758386,0.35410102549155864,87,56,other
504,0.180357511,-0.555091619,-0.812000285,0.2847859940220298,0.3126831916672008,90,49,other
505,0.212868404,-0.655151551,-0.724888604,0.29545897318138997,0.2726047647634301,94,43,other
506,0.239992761,-0.738633344,-0.629939885,0.30793250560712243,0.23547151563460744,98,37,other
507,0.261371961,-0.804432868,-0.533453333,0.3225086301819565,0.2024693345620734,102,32,other
508,0.352947486,-0.741133792,-0.571094365,0.3381024334422804,0.2342884053459277,107,37,other
509,0.333179804,-0.664332905,-0.669068764,0.3235338235921866,0.2687157334319412,103,42,other
510,0.449420088,-0.664333485,-0.597229106,0.35267160714818574,0.26871548620511926,112,42,other
511,0.54522602,-0.569944019,-0.614729536,0.36547496424241455,0.30696487711877113,116,48,other
512,0.429883046,-0.575650655,-0.69557666,0.33810294129459684,0.30474882938906717,107,48,other
513,0.305987863,-0.569943079,-0.762585283,0.31073099316081965,0.30696524119016994,99,48,other
514,0.271738768,-0.460751862,-0.844905772,0.29952455559103436,0.34757980871099364,95,55,other
515,0.400729396,-0.470321557,-0.786265594,0.32501720439685094,0.34413793601899756,103,54,other
516,0.524037391,-0.470321874,-0.710057848,0.3511891485233493,0.34413782165635587,112,54,other
517,0.634174233,-0.460752787,-0.620910551,0.3766818799814153,0.34757947704005693,120,55,other
518,0.710535213,-0.342416955,-0.614727858,0.3864858201297678,0.3887544632038592,123,61,other
519,0.609241107,-0.353050043,-0.710056998,0.3628615573739979,0.38514453743163884,115,61,other
520,0.491120505,-0.356818574,-0.794657885,0.33810335975041333,0.3838614343263011,107,61,other
521,0.362625604,-0.353049631,-0.862472393,0.3133451877289716,0.3851446775765874,99,61,other
522,0.232060714,-0.342416149,-0.910438908,0.28972103155845597,0.38875473626266493,92,61,other
523,0.189502077,-0.222133158,-0.956423454,0.28113114802414557,0.42869803007207774,89,68,other
524,0.317885877,-0.230956726,-0.919569225,0.30297154282605826,0.4258144181004323,96,67,other
525,0.447829577,-0.235778328,-0.862471594,0.3262225984586659,0.4242360723735824,104,67,other
526,0.571137135,-0.235778475,-0.786263877,0.3499844968358423,0.4242360242275307,111,67,other
527,0.680320176,-0.230957059,-0.695574076,0.3732355954136961,0.42581430917789237,119,67,other
528,0.770699495,-0.222133639,-0.597226033,0.3950760687983602,0.4286978730138996,126,68,other
529,0.813929477,-0.10665214,-0.571090298,0.4026242700344791,0.46598687904712166,128,74,other
530,0.734779488,-0.111584389,-0.66906504,0.3824446635143842,0.464407462685701,121,73,other
531,0.636607045,-0.114891009,-0.762582144,0.36070911875533984,0.46334811857320135,115,73,other
532,0.522176321,-0.116059696,-0.844903566,0.33810371392890803,0.4629736085648696,107,73,other
533,0.397370508,-0.114890917,-0.910437673,0.31549830750159386,0.46334814804951013,100,73,other
534,0.269822221,-0.111584253,-0.956422984,0.2937628003134896,0.46440750626901883,93,73,other
535,0.146794345,-0.106651938,-0.983400623,0.27358327031908203,0.4659869437137722,87,74,other
536,0.098860477,1.59e-09,-0.995101304,0.2657598762906079,0.5000000005061127,84,79,u025
537,0.216100878,-3.99e-10,-0.976371041,0.28466700391526273,0.49999999987299437,90,79,other
538,0.340281017,7.96e-10,-0.94032379,0.3052611001600188,0.5000000002533747,97,79,other
539,0.465247694,3.19e-09,-0.885180537,0.32701737099419736,0.5000000010154085,104,79,other
540,0.583661356,3.19e-09,-0.811997181,0.34919021425689606,0.5000000010154085,111,79,other
541,0.688870195,5.58e-09,-0.724884718,0.3709465039540675,0.5000000017761692,118,79,other
542,0.776647413,5.57e-09,-0.629935549,0.3915406455053369,0.5000000017729861,124,79,other
543,0.845832284,0.0,-0.533448917,0.410447828282855,0.5,130,79,other
544,0.813929452,0.106652137,-0.571090334,0.4026242630189108,0.5340131199961905,128,84,other
545,0.734779452,0.111584404,-0.669065077,0.3824446552511172,0.5355925421197706,121,85,other
546,0.770699464,0.222133652,-0.597226068,0.39507606118286837,0.5713021312374884,126,90,other
547,0.710535251,0.342416936,-0.614727825,0.3864858285688628,0.6112455303349472,123,97,other
548,0.680320126,0.230957125,-0.695574103,0.3732355864784144,0.5741857124137499,119,91,other
549,0.636607044,0.114891019,-0.762582143,0.3607091187350221,0.5366518846403301,115,85,other
550,0.522176231,0.116059712,-0.84490362,0.3381036971122633,0.5370263965446677,107,85,other
551,0.571137098,0.235778479,-0.786263902,0.3499844895269497,0.5757639771237602,111,91,other
552,0.609241197,0.353050073,-0.710056906,0.3628615791839681,0.6148554727631474,115,97,other
553,0.63417426,0.460752817,-0.620910501,0.37668188977536937,0.6524205337359322,120,103,other
554,0.545226023,0.569944058,-0.614729497,0.3654749696896156,0.6930351380138375,116,110,other
555,0.52403742,0.4703219,-0.71005781,0.3511891568009672,0.6558621876464714,112,104,other
556,0.491120557,0.356818594,-0.794657845,0.3381033708692641,0.6161385723804846,107,97,other
557,0.447829544,0.235778348,-0.862471605,0.3262225928320593,0.5757639342217594,104,91,other
558,0.397370421,0.114890903,-0.910437713,0.3154982921630297,0.5366518474556907,100,85,other
559,0.269822221,0.111584253,-0.956422984,0.2937628003134896,0.5355924937309812,93,85,other
560,0.317885876,0.230956744,-0.919569221,0.30297154288523315,0.5741855877761854,96,91,other
561,0.362625599,0.353049664,-0.862472382,0.31334518767015723,0.6148553336085417,99,97,other
562,0.400729364,0.470321564,-0.786265606,0.32501719827234005,0.6558620665221231,103,104,other
563,0.429883067,0.575650671,-0.695576633,0.33810294753437525,0.6952511769609528,107,110,other
564,0.44942011,0.664333442,-0.597229137,0.3526716069222758,0.7312844955291978,112,116,other
565,0.352947486,0.741133792,-0.571094365,0.3381024334422804,0.7657115946540722,107,121,other
566,0.333179804,0.664332905,-0.669068764,0.3235338235921866,0.7312842665680587,103,116,other
567,0.305987863,0.569943079,-0.762585283,0.31073099316081965,0.69303475880983,99,110,other
568,0.27173871,0.460751835,-0.844905806,0.29952454382300814,0.6524201815186668,95,103,other
569,0.232060679,0.342416135,-0.910438923,0.28972102518572707,0.6112452589083519,92,97,other
570,0.189502112,0.222133193,-0.956423439,0.2811311541042428,0.5713019813498244,89,90,other
571,0.146794354,0.106651938,-0.983400621,0.27358327179117026,0.5340130563082723,87,84,other
572,0.030549123,0.094021168,-0.995101387,0.254884444371439,0.5299721372520613,81,84,u025
573,0.066777477,0.205522379,-0.976371507,0.2608682406739241,0.5658893351375028,83,89,u025
574,0.105150314,0.323623764,-0.940324982,0.26772361299585107,0.6049012054071836,85,96,u025
575,0.143766299,0.442473602,-0.885182672,0.27562527965707506,0.6458989638714157,87,102,other
576,0.180357511,0.555091619,-0.812000285,0.2847859940220298,0.6873168083327991,90,109,other
577,0.212868393,0.655151595,-0.724888567,0.2954589731541631,0.7273952538675457,94,115,other
578,0.239992742,0.738633361,-0.629939872,0.3079325025078925,0.764528492459776,98,121,other
579,0.261371961,0.804432868,-0.533453333,0.3225086301819565,0.7975306654379266,102,126,other
580,-0.181391744,0.862542259,-0.47235356,0.19164546478637567,0.8311290960565144,61,132,other
581,-0.115427467,0.913703401,-0.389644191,0.20416306198699588,0.8667903259763272,65,137,other
582,-0.048756545,0.955435041,-0.291147181,0.22359238508208024,0.9046132437270357,71,143,other
583,0.023806662,0.983374157,-0.180023636,0.2709255294855009,0.9418753286655369,86,149,other
584,0.098727867,0.993241975,-0.061017926,0.4118950312270446,0.9629728823929881,131,153,other
585,0.171660656,0.983374796,0.059216804,0.5528683561662576,0.9418764481103342,176,149,other
586,0.238598209,0.955436218,0.173817511,0.6002031570746101,0.9046145129334173,191,143,other
587,0.296877756,0.913704942,0.277501129,0.6196329557384607,0.8667915333987319,197,137,other
588,0.341353336,0.862543758,0.373491854,0.6321505858242531,0.8311300389364297,201,132,other
589,0.360233877,0.804433703,0.47235365,0.6463043168457095,0.7975311129207142,206,126,other
590,0.456096391,0.738634772,0.496381664,0.6317274843646988,0.7645291587069524,201,121,other
591,0.443673559,0.8070508,0.389644426,0.6146954286895228,0.7989376629983893,196,127,other
592,0.414825123,0.86565828,0.280278184,0.5945696613532565,0.8330997632510356,189,132,other
593,0.368557903,0.913209994,0.173817659,0.5701369343717482,0.866404377477207,181,137,other
594,0.308463289,0.949354998,0.059795386,0.5304741083727139,0.8982619083012624,169,142,other
595,0.238671736,0.969099539,-0.062304784,0.45935987009405194,0.9206636310461384,146,146,other
596,0.162464646,0.969098879,-0.185614121,0.36443073809157545,0.9206627792248734,116,146,other
597,0.084470125,0.949353118,-0.302644107,0.29331887893517766,0.8982600041929888,93,142,other
598,0.009364001,0.913207209,-0.40738791,0.2536576064987283,0.8664022017392647,80,137,u025
599,-0.065163057,0.865655213,-0.496381736,0.2292255548986145,0.8330978135579513,73,132,other
600,0.062425118,0.855164836,-0.514583529,0.2692135070443026,0.8265441661504012,85,131,u025
601,0.143426607,0.896463663,-0.419263294,0.3024594600662361,0.8538725331439,96,135,other
602,0.224119171,0.924303534,-0.308923251,0.34988977909485025,0.8753531502976525,111,139,other
603,0.303532246,0.934171331,-0.187595577,0.4118950195026803,0.8838593191679782,131,140,other
604,0.376533644,0.924305428,-0.062304827,0.4739011957556615,0.8753547299458692,151,139,other
605,0.439135607,0.896467109,0.059216902,0.5213331626605664,0.8538750085820573,166,135,other
606,0.488165975,0.855169123,0.174297882,0.5545803339249182,0.826546798882953,176,131,other
607,0.522142612,0.801623497,0.29114749,0.5809558387868314,0.7960300877551124,185,126,other
608,0.544342099,0.733298577,0.407387869,0.6022537026791236,0.7620202385998956,192,121,other
609,0.553153093,0.655153395,0.51458302,0.6192533087354269,0.7273960122516268,197,115,other
610,0.645609287,0.555093452,0.524461541,0.6085797955505994,0.6873175098083372,194,109,other
611,0.642960924,0.640952373,0.419262813,0.5919656112130922,0.7214604014011832,188,114,other
612,0.626352073,0.718393795,0.302644073,0.5716365209429852,0.755122377443223,182,120,other
613,0.597271709,0.781574,0.180023856,0.5465926353481884,0.7855828672393045,174,124,other
614,0.556756365,0.828563072,0.05920799,0.5168618824953718,0.8108411803000779,164,128,other
615,0.503941418,0.861579856,-0.061018026,0.4808226217602012,0.8305246359794961,153,132,other
616,0.438188248,0.879510315,-0.185614291,0.4362298161442373,0.8421297185017426,139,133,other
617,0.361980786,0.879509103,-0.308923369,0.3875603809271632,0.8421289078985781,123,133,other
618,0.279947078,0.861576487,-0.423456716,0.34296854433303064,0.8305225236343744,109,132,other
619,0.196036153,0.828558306,-0.524462544,0.30693050417232265,0.8108384708968494,97,128,other
620,0.32842607,0.785541436,-0.524462552,0.3390427674012169,0.7876154569466433,108,125,other
621,0.41090032,0.809554934,-0.419263324,0.3733967397120118,0.8002915004028518,119,127,other
622,0.489682762,0.817690158,-0.302644341,0.4118950223861093,0.804745742988274,131,127,other
623,0.558755759,0.809557522,-0.180023943,0.45039368000361746,0.8002929035303166,143,127,other
624,0.6159643,0.785545924,-0.059207959,0.4847485038788563,0.7876177654602712,154,125,other
625,0.663686405,0.745518049,0.06101799,0.5145913652266799,0.7677978594792175,164,122,other
626,0.701058978,0.688522859,0.185614068,0.541193074739468,0.7417405210984948,172,117,other
627,0.724607997,0.616043833,0.308922718,0.5641390154660442,0.7112655904626471,179,113,other
628,0.732903377,0.5324829,0.423455548,0.5833843968671045,0.6787409354735773,186,107,other
629,0.727431567,0.442475188,0.524460697,0.5994186074190607,0.6458995268680194,191,102,other
630,0.794023579,0.323624913,0.51458087,0.5915165578874646,0.6049015919923875,188,96,other
631,0.808270004,0.413424098,0.419261393,0.5761567376524802,0.6356672976020571,183,101,other
632,0.809811524,0.49877089,0.30892215,0.5580015533000734,0.6662150888914009,178,105,other
633,0.794655903,0.57734745,0.18759509,0.5368963366027837,0.6959121769616141,171,110,other
634,0.762713652,0.64372821,0.062304702,0.5129722767900847,0.722613266027407,163,114,other
635,0.71689203,0.694664798,-0.059216848,0.4868832323102528,0.7444472887623773,155,118,other
636,0.662463627,0.728534294,-0.174297805,0.4590534619138049,0.759798106085958,146,120,other
637,0.601039981,0.744301073,-0.291147477,0.4282060161070685,0.7672172305039535,136,121,other
638,0.529200322,0.744299707,-0.407387979,0.39558409105305636,0.7672165793160667,126,121,other
639,0.45215795,0.728530774,-0.514583423,0.36473712279696746,0.759796470387683,116,120,other
640,0.561544308,0.662022132,-0.496381594,0.3847907445719634,0.7303015278627696,122,116,other
641,0.653744722,0.591185315,-0.472353429,0.4004182555240264,0.7013398163156659,127,111,other
642,0.630449846,0.671349629,-0.389644282,0.4118950186441366,0.734285086011358,131,116,other
643,0.695102841,0.662024374,-0.28027802,0.43899949355706086,0.7303024800721741,140,116,other
644,0.754625003,0.632715249,-0.173817485,0.4639692768843229,0.718059633375797,148,114,other
645,0.807571751,0.586730254,-0.059795278,0.4882371076870965,0.6995851045411207,155,111,other
646,0.847917126,0.526454832,0.062304563,0.5116736530331155,0.6764790751954183,163,107,other
647,0.871466025,0.453976502,0.185613316,0.5333992887338187,0.6499949993479304,170,103,other
648,0.876788504,0.373696962,0.302642528,0.5528978395651191,0.6219100000558792,176,98,other
649,0.865621062,0.291096758,0.407385388,0.5700082842471659,0.594020159630693,181,94,other
650,0.843426776,0.205523011,0.496378449,0.584660863365036,0.5658895407052579,186,89,other
651,0.876382187,0.094021413,0.472349696,0.5786767746913345,0.5299722155887828,184,84,other
652,0.904654969,0.172566514,0.389641097,0.5647274333384636,0.5552059736703523,180,88,other
653,0.923741409,0.248870123,0.291145104,0.5485939591639042,0.580059233120389,175,92,other
654,0.927889705,0.326515815,0.180022546,0.5304992012727265,0.605874641706155,169,96,other
655,0.914122605,0.400820051,0.06101762,0.5106078453976279,0.6312747435395178,162,100,other
656,0.882200773,0.467135085,-0.059216625,0.48933292454738975,0.6547138268045369,156,104,other
657,0.834944525,0.522163994,-0.173817156,0.4673339893094875,0.6748751121664166,149,107,other
658,0.777245912,0.564696491,-0.277500748,0.4454218585081881,0.6910067653439189,142,109,other
659,0.714844678,0.591186166,-0.373491637,0.4233718287060609,0.7013401522509476,135,111,other
660,0.783155826,0.497163251,-0.37349117,0.4291757721206159,0.6656249944034228,136,105,other
661,0.844425516,0.456497853,-0.28027711,0.4489951218686701,0.6508963900420409,143,103,other
662,0.897593039,0.404904105,-0.174296879,0.4694747784641752,0.6326951000442207,149,100,other
663,0.937444071,0.343064253,-0.059207534,0.4899613510339582,0.6114648626701578,156,97,other
664,0.960058592,0.273462931,0.059207481,0.5098027810407002,0.5881690878157447,162,93,other
665,0.964166394,0.200009975,0.174296229,0.5284636774109251,0.5640974574391641,168,89,other
666,0.9514787,0.127019491,0.280275459,0.5455925053960391,0.5405410768494303,174,85,other
667,0.925813108,0.058108231,0.373488316,0.5610276751017977,0.5185068493150903,178,82,other
668,0.925813108,-0.058108236,0.373488316,0.5610276751017977,0.4814931490960496,178,76,other
669,0.960726091,1.59e-09,0.277498428,0.5447526657125148,0.5000000005061127,173,79,other
670,0.982405228,0.068322636,0.173815953,0.5278706900007508,0.5217647258305469,168,82,other
671,0.988291518,0.140617575,0.059216317,0.5095248366324787,0.5449088012208899,162,86,other
672,0.975138439,0.213030242,-0.061017554,0.4900541296057868,0.5683332862914552,156,90,other
673,0.942601861,0.281235751,-0.180022734,0.46996549339498606,0.5907442890430757,149,93,other
674,0.893606975,0.341614585,-0.291146097,0.44987186673128854,0.6109737437405076,143,97,other
675,0.833315268,0.392127381,-0.389643147,0.4303890549882637,0.6282607565109922,137,99,other
676,0.764273775,0.439053983,-0.47235283,0.41189505147968636,0.6446863172985442,131,102,other
677,0.80315092,0.329476828,-0.496380519,0.41189505089554135,0.606872356470542,131,96,other
678,0.871405798,0.273291442,-0.407386454,0.4303991172200695,0.5881123394761927,137,93,other
679,0.928991655,0.21303036,-0.302642646,0.4498768436628123,0.5683333247552382,143,90,other
680,0.971872434,0.144954476,-0.185612963,0.4699654947893076,0.5463035722446812,149,86,other
681,0.995422137,0.072477181,-0.06230432,0.49005133459163963,0.5230904488575193,156,83,other
682,0.998210688,-6.44e-09,0.059794832,0.509522323232364,0.4999999979500843,162,79,other
683,0.982405227,-0.06832265,0.173815953,0.5278706900285443,0.47823526970211283,168,76,other
684,0.95147871,-0.127019493,0.280275424,0.5455924995555986,0.4594589225070876,174,73,other
685,0.904654956,-0.172566526,0.389641124,0.5647274381761681,0.44479402249807143,180,70,other
686,0.876382189,-0.094021405,0.472349694,0.5786767742581909,0.47002778697070713,184,74,other
687,0.843426828,-0.205523004,0.496378365,0.584660847302727,0.4341104616198955,186,69,other
688,0.794023594,-0.32362492,0.514580842,0.5915165525628971,0.395098405627399,188,62,other
689,0.865621081,-0.291096744,0.407385358,0.5700082783855189,0.405979845041886,181,64,other
690,0.923741387,-0.248870138,0.29114516,0.548593969027229,0.41994076192653595,175,66,other
691,0.964166397,-0.200009956,0.17429623,0.5284636774840833,0.4359025486857939,168,69,other
692,0.988291518,-0.140617575,0.059216317,0.5095248366324787,0.4550911987791101,162,72,other
693,0.995422136,-0.072477191,-0.06230431,0.49005133617430074,0.47690954793031637,156,75,other
694,0.982246598,-3.99e-09,-0.187594299,0.4699654905231096,0.4999999987299435,149,79,other
695,0.948321943,0.072477247,-0.308921579,0.4498796353776482,0.5230904699214396,143,83,other
696,0.89690936,0.140617763,-0.419261547,0.43040609937590923,0.5449088616417633,137,86,other
697,0.832600971,0.20489285,-0.514581911,0.4118950451898422,0.5656845925725849,131,89,other
698,0.848585065,0.069600838,-0.524460781,0.4118950401175664,0.5221725611243331,131,83,other
699,0.905917216,-3.19e-09,-0.423454835,0.4304086148880168,0.49999999898459146,137,79,other
700,0.948321943,-0.072477247,-0.308921579,0.4498796353776482,0.47690953007856035,143,75,other
701,0.971872431,-0.144954495,-0.185612963,0.4699654946987819,0.45369642163534296,149,72,other
702,0.975138435,-0.21303026,-0.061017549,0.49005413037797574,0.43166670781860284,156,68,other
703,0.960058597,-0.273462913,0.059207481,0.5098027809897762,0.41183091812984074,162,65,other
704,0.927889717,-0.326515781,0.180022548,0.5304992012184822,0.39412536978717544,169,62,other
705,0.87678857,-0.373696848,0.302642478,0.5528978277602961,0.3780900390830227,176,60,other
706,0.808269965,-0.413424156,0.419261412,0.5761567437393881,0.3643326821830555,183,57,other
707,0.727431567,-0.442475188,0.524460697,0.5994186074190607,0.3541004731319806,191,56,other
708,0.645609358,-0.555093447,0.524461459,0.6085797748067511,0.3126824921171684,194,49,other
709,0.732903362,-0.532482927,0.42345554,0.5833843969756435,0.32125905437205404,186,51,other
710,0.809811515,-0.498770884,0.308922185,0.5580015598939354,0.3337849134094414,178,53,other
711,0.87146607,-0.453976411,0.185613326,0.5333992888064014,0.35000503312245135,170,55,other
712,0.914122606,-0.400820047,0.061017626,0.5106078464260648,0.36872525780525517,162,58,other
713,0.937444065,-0.343064268,-0.059207539,0.48996135012437303,0.38853513222547265,156,61,other
714,0.942601856,-0.281235768,-0.180022733,0.46996549340232907,0.4092557053076144,149,65,other
715,0.92899164,-0.213030394,-0.302642667,0.4498768396534266,0.43166666414462074,143,68,other
716,0.896909344,-0.140617782,-0.419261576,0.430406094063546,0.4550911322713439,137,72,other
717,0.848585086,-0.069600833,-0.524460747,0.4118950464932543,0.47782744046310405,131,75,other
718,0.832600971,-0.20489285,-0.514581911,0.4118950451898422,0.4343154074274151,131,69,other
719,0.871405812,-0.273291446,-0.407386422,0.4303991229973213,0.41188765922337356,137,65,other
720,0.893606975,-0.341614585,-0.291146097,0.44987186673128854,0.38902625625949244,143,61,other
721,0.897593054,-0.404904077,-0.174296867,0.4694747810123156,0.36730490970817264,149,58,other
722,0.882200805,-0.467135025,-0.059216618,0.48933292619034063,0.3452861947599773,156,54,other
723,0.847917159,-0.526454776,0.06230458,0.5116736557541994,0.3235209456836494,163,51,other
724,0.794655948,-0.57734739,0.187595083,0.536896333259503,0.30408784638545594,171,48,other
725,0.724607997,-0.616043833,0.308922718,0.5641390154660442,0.2887344095373529,179,45,other
726,0.642960918,-0.640952406,0.419262771,0.5919656045979483,0.2785395848301405,188,44,other
727,0.553153078,-0.655153421,0.514583003,0.6192533082656204,0.27260397679080617,197,43,other
728,0.456096357,-0.738634762,0.496381709,0.6317274974640811,0.2354708458209266,201,37,other
729,0.544342072,-0.733298592,0.407387877,0.602253707965388,0.23797975422700687,192,37,other
730,0.626352066,-0.718393787,0.302644107,0.5716365286438537,0.24487762626945397,182,38,other
731,0.701059016,-0.688522822,0.185614058,0.5411930704835475,0.25825949493257994,172,41,other
732,0.762713652,-0.64372821,0.062304702,0.5129722767900847,0.277386733972593,163,44,other
733,0.807571734,-0.586730277,-0.059795283,0.4882371064603602,0.30041488643302533,155,47,other
734,0.834944541,-0.522163967,-0.17381716,0.46733398918723407,0.3251248979022886,149,51,other
735,0.844425521,-0.456497855,-0.280277092,0.4489951252063481,0.3491036092571553,143,55,other
736,0.833315244,-0.392127406,-0.389643172,0.4303890493113807,0.3717392347766675,137,59,other
737,0.80315092,-0.329476828,-0.496380519,0.41189505089554135,0.39312764352945795,131,62,other
738,0.764273744,-0.439054009,-0.472352857,0.41189504452416004,0.35531367356419274,131,56,other
739,0.783155855,-0.497163222,-0.373491147,0.42917577821846753,0.3343750161814775,136,53,other
740,0.777245873,-0.564696519,-0.277500799,0.44542184671685436,0.30899322378083255,142,49,other
741,0.754625003,-0.632715249,-0.173817485,0.4639692768843229,0.2819403666242029,148,44,other
742,0.716892067,-0.69466476,-0.059216859,0.48688323055864424,0.2555527282923739,155,40,other
743,0.663686368,-0.745518083,0.061017973,0.5145913619930808,0.2322021241949427,164,36,other
744,0.597271769,-0.781573952,0.180023862,0.5465926323961853,0.2144171570144999,174,34,other
745,0.522142612,-0.801623497,0.29114749,0.5809558387868314,0.2039699122448877,185,32,other
746,0.443673559,-0.8070508,0.389644426,0.6146954286895228,0.2010623370016107,196,31,other
747,0.360233899,-0.804433676,0.472353679,0.6463043168705159,0.20246890150536995,206,32,other
748,0.34135336,-0.862543722,0.373491915,0.6321505931962986,0.1688699836696188,201,26,other
749,0.414825121,-0.865658275,0.280278201,0.5945696661872848,0.16690023971160128,189,26,other
750,0.488165975,-0.855169123,0.174297882,0.5545803339249182,0.17345320111704693,176,27,other
751,0.556756391,-0.828563054,0.059207988,0.5168618811484883,0.18915882967089473,164,30,other
752,0.615964324,-0.785545905,-0.059207958,0.4847485047254914,0.21238224423185295,154,33,other
753,0.66246367,-0.728534258,-0.174297796,0.4590534664781102,0.2402019108761053,146,38,other
754,0.695102876,-0.662024331,-0.280278034,0.4389994935792433,0.2696975381298725,140,42,other
755,0.714844678,-0.591186166,-0.373491637,0.4233718287060609,0.2986598477490524,135,47,other
756,0.653744786,-0.591185235,-0.472353441,0.4004182610010321,0.2986602153070959,127,47,other
757,0.630449846,-0.671349629,-0.389644282,0.4118950186441366,0.265714913988642,131,42,other
758,0.601039981,-0.744301073,-0.291147477,0.4282060161070685,0.23278276949604643,136,37,other
759,0.558755761,-0.809557525,-0.180023925,0.4503936848148212,0.19970709497721406,143,31,other
760,0.503941418,-0.861579855,-0.061018031,0.4808226202039159,0.1694753643469139,153,26,other
761,0.439135607,-0.896467109,0.059216907,0.5213331644403416,0.1461249916086154,166,23,other
762,0.36855787,-0.913210007,0.173817661,0.5701369405761515,0.1335956124084832,181,21,other
763,0.296877756,-0.913704942,0.277501129,0.6196329557384607,0.13320846660126812,197,21,other
764,0.23082303,-0.898456842,0.373491676,0.6618982233015354,0.14468910239606497,211,23,other
765,0.173215567,-0.944161386,0.280277798,0.6618982212639795,0.10687455467022393,211,16,other
766,0.238598208,-0.955436216,0.173817525,0.6002031634929096,0.09538548951573365,191,15,other
767,0.308463276,-0.949355001,0.059795396,0.5304741145986095,0.101738088117115,169,16,other
768,0.37653365,-0.924305426,-0.062304822,0.4739011982212249,0.1246452717985578,151,19,other
769,0.438188248,-0.879510315,-0.185614291,0.4362298161442373,0.15787028149825755,139,25,other
770,0.48968276,-0.817690154,-0.302644358,0.41189501809730195,0.19525425962811072,131,31,other
771,0.529200314,-0.744299695,-0.407388011,0.39558408384729804,0.23278342635770985,126,37,other
772,0.561544287,-0.662022107,-0.496381652,0.38479073239052153,0.2696984828805836,122,42,other
773,0.45215795,-0.728530774,-0.514583423,0.36473712279696746,0.24020352961231697,116,38,other
774,0.410900307,-0.809554908,-0.419263387,0.37339672523969664,0.1997085137052904,119,31,other
775,0.361980757,-0.87950911,-0.308923383,0.38756037106956626,0.15787108740985006,123,25,other
776,0.303532244,-0.934171324,-0.187595614,0.41189500499532233,0.11614068690543332,131,18,other
777,0.2386717,-0.969099548,-0.062304785,0.45935986360282133,0.07933635758013773,146,12,other
778,0.171660656,-0.983374795,0.059216814,0.5528683644517651,0.058123552968237936,176,9,other
779,0.107718269,-0.978783502,0.174297533,0.6618982372138543,0.06568600163906817,211,10,other
780,0.036591265,-0.997574814,0.059207847,0.661898232428576,0.022173049763925846,211,3,other
781,0.098727848,-0.993241977,-0.061017926,0.4118950175292257,0.0370271124232686,131,5,other
782,0.162464627,-0.969098875,-0.185614159,0.3644307127189961,0.07933722604947525,116,12,other
783,0.224119148,-0.92430352,-0.30892331,0.34988975688369023,0.12464686147996083,111,19,other
784,0.279947146,-0.861576425,-0.423456798,0.34296854793962445,0.16947751542778294,109,26,other
785,0.32842607,-0.785541436,-0.524462552,0.3390427674012169,0.21238454305335672,108,33,other
786,0.196036164,-0.82855827,-0.524462597,0.30693050182639486,0.18916154962827428,97,30,other
787,0.143426617,-0.896463648,-0.419263323,0.30245946009319624,0.1461274777252201,96,23,other
788,0.084470115,-0.949353113,-0.302644124,0.29331887174153914,0.10174000044280185,93,16,other
789,0.023806654,-0.983374153,-0.180023663,0.2709255194320641,0.058124679615912125,86,9,other
790,-0.036591272,-0.997574814,-0.059207847,0.16189821881258148,0.022173050932475347,51,3,other
791,-0.107718277,-0.978783502,-0.174297528,0.16189822988605396,0.06568600162425575,51,10,other
792,-0.048756564,-0.95543504,-0.291147181,0.223592374979102,0.09538675732130585,71,15,other
793,0.009363985,-0.913207209,-0.40738791,0.25365760025128126,0.1335977981538598,80,21,u025
794,0.062425116,-0.85516487,-0.514583473,0.2692135085053669,0.17345581304143579,85,27,u025
795,-0.065163073,-0.86565516,-0.496381826,0.22922555357946262,0.16690222005013866,73,26,other
796,-0.115427477,-0.9137034,-0.38964419,0.20416305812066868,0.1332096747002619,65,21,other
797,-0.173215567,-0.944161386,-0.280277798,0.16189822126397937,0.10687455467022393,51,16,other
798,-0.230823011,-0.898456844,-0.373491683,0.16189823049423194,0.14468910096286203,51,23,other
799,-0.181391756,-0.862542225,-0.472353618,0.19164546780291059,0.16887092546643157,61,26,other
