LED_ID,strip,strip_num,x,y,z,u,v,px,py,r,g,b
0,0,0,0.150080241,0.807048369,0.571094433,0.7090998150859227,0.798936352408254,226,127,0,0,0
1,0,1,0.120930998,0.733295712,0.669068825,0.7215407588764127,0.7620188972328757,230,121,0,0,0
2,0,2,0.026891632,0.801619526,0.597229416,0.7428385188413947,0.7960279732508923,237,127,255,0,0
3,0,3,-0.106096205,0.781569116,0.614730276,0.7772005632053314,0.785580375230881,248,125,0,0,0
4,0,4,-0.009428109,0.718389651,0.695577041,0.7521571129869129,0.7551204810651284,240,120,255,0,0
5,0,5,0.087449778,0.640949407,0.762585336,0.7318282215743931,0.7214591715064769,234,115,255,0,0
6,0,6,0.050977972,0.532480266,0.844905919,0.7404089056791424,0.6787399449349117,236,108,255,0,0
7,0,7,-0.047752128,0.616040106,0.786266063,0.7596540650616547,0.7112640843051428,243,113,255,0,0
8,0,8,-0.147509677,0.688518225,0.710058835,0.7825996184246405,0.74173848719402,250,118,0,0,0
9,0,9,-0.242236506,0.745513065,0.620912026,0.8092007117608179,0.7677954792767057,258,122,0,0,0
10,0,10,-0.373568953,0.694660422,0.614730132,0.8369079905928402,0.7444453522583622,267,119,0,0,0
11,0,11,-0.285370264,0.64372375,0.710058833,0.8108195252344763,0.7226114107722866,259,115,0,0,0
12,0,12,-0.18759385,0.577343518,0.794659052,0.7868959603372944,0.6959106440825198,251,111,0,0,0
13,0,13,-0.085855107,0.498767918,0.862472878,0.7657911016260416,0.6662139974076272,245,106,255,0,0
14,0,14,0.013523353,0.413422149,0.91043904,0.7476361402414806,0.6356666162507918,239,101,255,0,0
15,0,15,-0.022745379,0.291095547,0.956423562,0.7537842619259747,0.5940197567012218,241,95,255,0,0
16,0,16,-0.121423145,0.373694888,0.919569764,0.7708944889050054,0.621909288310718,246,99,0,0,0
17,0,17,-0.223715264,0.453973627,0.862472856,0.7903927117453523,0.6499939722844345,252,103,0,0,0
18,0,18,-0.323472944,0.526451439,0.786265945,0.8121179480574984,0.6764778050075926,259,108,0,0,0
19,0,19,-0.414637956,0.586726722,0.695576825,0.8355540276041815,0.6995837160948563,267,111,0,0,0
20,0,20,-0.492942974,0.632712063,0.597229161,0.8598213782100927,0.7180583237193044,275,114,0,0,0
21,0,21,-0.595794789,0.564694641,0.571094154,0.8783684792102194,0.6910060517961623,281,110,0,0,0
22,0,22,-0.528861431,0.52216169,0.669068574,0.8564566830599966,0.6748742522557176,274,107,0,0,0
23,0,23,-0.447494234,0.46713261,0.762585101,0.8344581397777564,0.6547129358134578,267,104,0,0,0
24,0,24,-0.354230608,0.400817826,0.844905762,0.8131835854108187,0.6312739704993883,260,101,0,0,0
25,0,25,-0.253947761,0.326514129,0.910438937,0.7932925679345496,0.6058740738700062,253,96,0,0,0
26,0,26,-0.152703091,0.248869034,0.956423531,0.7751980872177763,0.5800588752369398,248,92,0,0,0
27,0,27,-0.05607114,0.172565925,0.983400747,0.7590648164404992,0.5552057833069631,242,88,255,0,0
28,0,28,-0.079979697,0.058108062,0.995101352,0.7627643884696492,0.5185067954263625,244,82,255,0,0
29,0,29,-0.174828621,0.127019037,0.976371404,0.7781993672857813,0.5405409311681874,249,86,0,0,0
30,0,30,-0.275291972,0.200009092,0.940324781,0.7953279432350822,0.5640971706031545,254,90,0,0,0
31,0,31,-0.37639196,0.273461649,0.885182365,0.81398855015034,0.5881686635945323,260,94,0,0,0
32,0,32,-0.472190757,0.343062756,0.811999898,0.8338296581514819,0.61146435537482,266,97,0,0,0
33,0,33,-0.55730694,0.404902586,0.724888178,0.8543159000289016,0.6326945712403644,273,101,0,0,0
34,0,34,-0.628320902,0.456496616,0.629939429,0.8747952757277996,0.6508959475110946,279,104,0,0,0
35,0,35,-0.684293408,0.497162573,0.533452817,0.8946143989677543,0.6656247456724023,286,106,0,0,0
36,0,36,-0.721171719,0.392126932,0.57109353,0.893401144991233,0.6282606012022548,285,100,0,0,0
37,0,37,-0.660036499,0.341613692,0.669067938,0.8739185379287739,0.6109734413092918,279,97,0,0,0
38,0,38,-0.754076058,0.273291023,0.597228027,0.8933910720319402,0.5881122008243714,285,94,0,0,0
39,0,39,-0.776102732,0.140617542,0.614728603,0.8933840836082625,0.5449087905920023,285,87,0,0,0
40,0,40,-0.686143529,0.213029758,0.695575575,0.8739135755426415,0.568333128648795,279,90,0,0,0
41,0,41,-0.582556426,0.281234753,0.762584438,0.853825199430799,0.5907439580442473,273,94,0,0,0
42,0,42,-0.490666665,0.21302932,0.844905162,0.8337368574467394,0.5683329859536052,266,90,0,0,0
43,0,43,-0.600646395,0.144953921,0.786264757,0.8538252005773341,0.5463033936996236,273,87,0,0,0
44,0,44,-0.700404079,0.072477014,0.710057186,0.8739107707195277,0.5230903955698462,279,83,0,0,0
45,0,45,-0.783881734,-5.58e-09,0.620910161,0.8933815840694903,0.49999999822383084,285,79,0,0,0
46,0,46,-0.776102751,-0.140617545,0.61472858,0.8933840884029475,0.4550912084434847,285,72,0,0,0
47,0,47,-0.700404079,-0.072477024,0.710057186,0.8739107707195277,0.47690960123866166,279,76,0,0,0
48,0,48,-0.607057823,-8.25e-09,0.794657662,0.8538251863814404,0.49999999737394346,273,79,0,0,0
49,0,49,-0.500888608,0.072476851,0.862471859,0.8337396633088124,0.5230903435485232,266,83,0,0,0
50,0,50,-0.389009857,0.140616971,0.910438465,0.8142664659471732,0.5449086070130224,260,87,0,0,0
51,0,51,-0.283877888,0.068322357,0.956423233,0.7959208896603616,0.521764636815271,254,83,0,0,0
52,0,52,-0.392928376,-7.2e-09,0.919569079,0.8142689851871003,0.49999999770816883,260,79,0,0,0
53,0,53,-0.500888574,-0.072476875,0.862471877,0.8337396571745834,0.47690964879189557,266,76,0,0,0
54,0,54,-0.600646334,-0.144953925,0.786264803,0.8538251882882993,0.453696605013546,273,72,0,0,0
55,0,55,-0.686143488,-0.213029769,0.695575611,0.8739135666697876,0.4316668677675356,279,69,0,0,0
56,0,56,-0.754076058,-0.273291023,0.597228027,0.8933910720319402,0.41188779917562857,285,65,0,0,0
57,0,57,-0.721171719,-0.392126932,0.57109353,0.893401144991233,0.37173939879774526,285,59,0,0,0
58,0,58,-0.660036541,-0.341613676,0.669067904,0.873918547035559,0.3890265641096686,279,62,0,0,0
59,0,59,-0.582556391,-0.281234736,0.76258447,0.853825191596291,0.4092560475946107,273,65,0,0,0
60,0,60,-0.490666695,-0.213029352,0.844905137,0.833736863717753,0.43166700362117594,266,69,0,0,0
61,0,61,-0.389009855,-0.140617,0.910438461,0.8142664659041728,0.4550913836633521,260,72,0,0,0
62,0,62,-0.283877929,-0.068322372,0.95642322,0.7959208965207317,0.47823535839889764,254,76,0,0,0
63,0,63,-0.181447719,7.96e-10,0.983400592,0.7790391575250002,0.5000000002533747,249,80,0,0,0
64,0,64,-0.079979697,-0.058108062,0.995101352,0.7627643884696492,0.4814932045736375,244,77,255,0,0
65,0,65,-0.174828602,-0.127019037,0.976371407,0.7781993642000293,0.45945906883181264,249,73,0,0,0
66,0,66,-0.275291972,-0.200009092,0.940324781,0.7953279432350822,0.4359028293968456,254,69,0,0,0
67,0,67,-0.376391953,-0.273461672,0.885182361,0.8139885493434502,0.41183132879422174,260,65,0,0,0
68,0,68,-0.472190745,-0.343062824,0.811999876,0.8338296582676854,0.38853562158165306,266,62,0,0,0
69,0,69,-0.55730705,-0.404902582,0.724888095,0.854315924013714,0.3673054301521285,273,58,0,0,0
70,0,70,-0.628320902,-0.456496616,0.629939429,0.8747952757277996,0.34910405248890536,279,55,0,0,0
71,0,71,-0.68429342,-0.497162506,0.533452864,0.8946143935217821,0.33437527890730134,286,53,0,0,0
72,0,72,-0.595794789,-0.564694641,0.571094154,0.8783684792102194,0.30899394820383774,281,49,0,0,0
73,0,73,-0.528861431,-0.52216169,0.669068574,0.8564566830599966,0.3251257477442824,274,52,0,0,0
74,0,74,-0.492942963,-0.632712048,0.597229185,0.8598213733266594,0.2819416824464079,275,45,0,0,0
75,0,75,-0.373568973,-0.694660382,0.614730165,0.8369079905826369,0.25555466544179867,267,40,0,0,0
76,0,76,-0.414637947,-0.586726747,0.695576809,0.8355540276949575,0.30041627407815613,267,48,0,0,0
77,0,77,-0.447494234,-0.46713261,0.762585101,0.8344581397777564,0.3452870641865422,267,55,0,0,0
78,0,78,-0.354230631,-0.400817851,0.84490574,0.8131835905733409,0.3687260208146109,260,58,0,0,0
79,0,79,-0.323472903,-0.526451473,0.786265939,0.812117941386991,0.32352218226308477,259,51,0,0,0
80,0,80,-0.28537025,-0.643723795,0.710058798,0.8108195252472865,0.27738857050991345,259,44,0,0,0
81,0,81,-0.242236492,-0.745513156,0.620911923,0.8092007175857091,0.2322044772625405,258,37,0,0,0
82,0,82,-0.106096205,-0.781569116,0.614730276,0.7772005632053314,0.21441962476911897,248,34,0,0,0
83,0,83,-0.147509641,-0.688518268,0.710058801,0.7825996122069984,0.2582614939326124,250,41,0,0,0
84,0,84,-0.187593828,-0.577343546,0.794659038,0.7868959567906828,0.3040893450017887,251,48,0,0,0
85,0,85,-0.223715256,-0.453973687,0.862472826,0.7903927117075988,0.3500060062809197,252,56,0,0,0
86,0,86,-0.253947767,-0.326514061,0.91043896,0.7932925678671805,0.3941259490301713,253,63,0,0,0
87,0,87,-0.152703072,-0.248869034,0.956423534,0.7751980840569249,0.4199411247630602,248,67,0,0,0
88,0,88,-0.121423119,-0.373694857,0.91956978,0.770894484122769,0.3780907223276179,246,60,0,0,0
89,0,89,-0.085855088,-0.498767919,0.862472879,0.7657910981361226,0.3337860022251214,245,53,255,0,0
90,0,90,-0.047752107,-0.616040131,0.786266045,0.7596540610469523,0.28873590559253687,243,46,255,0,0
91,0,91,-0.009428102,-0.718389689,0.695577002,0.7521571115064687,0.24487950154691263,240,39,255,0,0
92,0,92,0.026891631,-0.801619553,0.59722938,0.7428385186762445,0.20397201237327856,237,32,255,0,0
93,0,93,0.150080241,-0.807048395,0.571094397,0.7090998126197247,0.20106363357605964,226,32,0,0,0
94,0,94,0.120930992,-0.733295674,0.669068867,0.7215407620071685,0.2379811205573878,230,38,0,0,0
95,0,95,0.087449792,-0.640949368,0.762585366,0.7318282193991346,0.27854084466647533,234,44,255,0,0
96,0,96,0.050977981,-0.532480266,0.844905919,0.7404089039899616,0.3212600550650883,236,51,255,0,0
97,0,97,0.01352336,-0.413422178,0.910439027,0.7476361389843239,0.36433337361127677,239,58,255,0,0
98,0,98,-0.02274537,-0.291095547,0.956423562,0.7537842604291641,0.40598024329877824,241,64,255,0,0
99,0,99,-0.056071144,-0.172565956,0.983400741,0.7590648171409544,0.4447942066751416,242,71,255,0,0
100,0,100,0.030549126,-0.094021175,0.995101387,0.7451155551491975,0.4700278605195127,238,75,255,0,0
101,0,101,0.066777472,-0.205522395,0.976371504,0.7391317601040238,0.43411065967897516,236,69,255,0,0
102,0,102,0.105150303,-0.323623798,0.940324971,0.7322763886373409,0.39509878310395496,234,63,255,0,0
103,0,103,0.143766318,-0.442473632,0.885182654,0.7243747165024161,0.3541010254798555,231,56,0,0,0
104,0,104,0.180357511,-0.555091619,0.812000285,0.7152140059779701,0.3126831916567669,228,50,0,0,0
105,0,105,0.212868404,-0.655151551,0.724888604,0.7045410268186101,0.2726047647070807,225,43,0,0,0
106,0,106,0.239992761,-0.738633344,0.629939885,0.6920674943928775,0.23547151547506937,221,37,0,0,0
107,0,107,0.261371961,-0.804432868,0.533453333,0.6774913698180435,0.20246933464731243,216,32,0,0,0
108,0,108,0.352947486,-0.741133792,0.571094365,0.6618975665577196,0.2342884054772129,211,37,0,0,0
109,0,109,0.333179804,-0.664332905,0.669068764,0.6764661764078134,0.2687157332311108,216,42,0,0,0
110,0,110,0.449420088,-0.664333485,0.597229106,0.6473283928518143,0.2687154862272248,207,42,0,0,0
111,0,111,0.54522602,-0.569944019,0.614729536,0.6345250357575855,0.30696487710666215,203,49,0,0,0
112,0,112,0.429883046,-0.575650655,0.69557666,0.6618970587054032,0.3047488294140616,211,48,0,0,0
113,0,113,0.305987863,-0.569943079,0.762585283,0.6892690068391802,0.30696524125072155,220,49,0,0,0
114,0,114,0.271738768,-0.460751862,0.844905772,0.7004754444089657,0.3475798087168152,224,55,0,0,0
115,0,115,0.400729396,-0.470321557,0.786265594,0.674982795603149,0.34413793601004034,215,55,0,0,0
116,0,116,0.524037391,-0.470321874,0.710057848,0.6488108514766507,0.3441378216703216,207,55,0,0,0
117,0,117,0.634174233,-0.460752787,0.620910551,0.6233181200185847,0.3475794769679652,199,55,0,0,0
118,0,118,0.710535213,-0.342416955,0.614727858,0.6135141798702322,0.38875446323949125,196,62,0,0,0
119,0,119,0.609241107,-0.353050043,0.710056998,0.637138442626002,0.38514453744787464,203,61,0,0,0
120,0,120,0.491120505,-0.356818574,0.794657885,0.6618966402495866,0.3838614343642638,211,61,0,0,0
121,0,121,0.362625604,-0.353049631,0.862472393,0.6866548122710283,0.3851446776178618,219,61,0,0,0
122,0,122,0.232060714,-0.342416149,0.910438908,0.710278968441544,0.3887547363045196,227,62,0,0,0
123,0,123,0.189502077,-0.222133158,0.956423454,0.7188688519758545,0.4286980300564261,230,68,0,0,0
124,0,124,0.317885877,-0.230956726,0.919569225,0.6970284571739418,0.4258144181137382,223,68,0,0,0
125,0,125,0.447829577,-0.235778328,0.862471594,0.6737774015413341,0.4242360723563075,215,67,0,0,0
126,0,126,0.571137135,-0.235778475,0.786263877,0.6500155031641577,0.4242360242072813,208,67,0,0,0
127,0,127,0.680320176,-0.230957059,0.695574076,0.6267644045863039,0.42581430917117313,200,68,0,0,0
128,0,128,0.770699495,-0.222133639,0.597226033,0.6049239312016398,0.42869787302617157,193,68,0,0,0
129,0,129,0.813929477,-0.10665214,0.571090298,0.5973757299655208,0.46598687903063385,191,74,0,0,0
130,0,130,0.734779488,-0.111584389,0.66906504,0.6175553364856157,0.4644074626927734,197,74,0,0,0
131,0,131,0.636607045,-0.114891009,0.762582144,0.6392908812446602,0.46334811857245944,204,74,0,0,0
132,0,132,0.522176321,-0.116059696,0.844903566,0.661896286071092,0.46297360858182607,211,74,0,0,0
133,0,133,0.397370508,-0.114890917,0.910437673,0.6845016924984061,0.4633481480521805,219,74,0,0,0
134,0,134,0.269822221,-0.111584253,0.956422984,0.7062371996865104,0.4644075062549652,225,74,0,0,0
135,0,135,0.146794345,-0.106651938,0.983400623,0.726416729680918,0.4659869436980677,232,74,0,0,0
136,0,136,0.098860477,1.59e-09,0.995101304,0.7342401237093922,0.5000000005061127,234,80,255,0,0
137,0,137,0.216100878,-3.99e-10,0.976371041,0.7153329960847373,0.49999999987299437,228,79,0,0,0
138,0,138,0.340281017,7.96e-10,0.94032379,0.6947388998399812,0.5000000002533747,222,80,0,0,0
139,0,139,0.465247694,3.19e-09,0.885180537,0.6729826290058026,0.5000000010154085,215,80,0,0,0
140,0,140,0.583661356,3.19e-09,0.811997181,0.6508097857431039,0.5000000010154085,208,80,0,0,0
141,0,141,0.688870195,5.58e-09,0.724884718,0.6290534960459325,0.5000000017761692,201,80,0,0,0
142,0,142,0.776647413,5.57e-09,0.629935549,0.608459354494663,0.5000000017729861,194,80,0,0,0
143,0,143,0.845832284,0.0,0.533448917,0.589552171717145,0.5,188,80,0,0,0
144,0,144,0.813929452,0.106652137,0.571090334,0.5973757369810891,0.5340131200089587,191,85,0,0,0
145,0,145,0.734779452,0.111584404,0.669065077,0.6175553447488829,0.5355925421118801,197,85,0,0,0
146,0,146,0.770699464,0.222133652,0.597226068,0.6049239388171317,0.5713021312178896,193,91,0,0,0
147,0,147,0.710535251,0.342416936,0.614727825,0.6135141714311372,0.6112455303234909,196,97,0,0,0
148,0,148,0.680320126,0.230957125,0.695574103,0.6267644135215855,0.574185712421048,200,91,0,0,0
149,0,149,0.636607044,0.114891019,0.762582143,0.6392908812649779,0.5366518846318581,204,85,0,0,0
150,0,150,0.522176231,0.116059712,0.84490362,0.6618963028877367,0.5370263965457833,211,85,0,0,0
151,0,151,0.571137098,0.235778479,0.786263902,0.6500155104730503,0.5757639771028963,208,92,0,0,0
152,0,152,0.609241197,0.353050073,0.710056906,0.6371384208160319,0.6148554727586787,203,98,0,0,0
153,0,153,0.63417426,0.460752817,0.620910501,0.6233181102246307,0.65242053379146,199,104,0,0,0
154,0,154,0.545226023,0.569944058,0.614729497,0.6345250303103844,0.6930351380014487,203,110,0,0,0
155,0,155,0.52403742,0.4703219,0.71005781,0.6488108431990329,0.6558621877077006,207,104,0,0,0
156,0,156,0.491120557,0.356818594,0.794657845,0.6618966291307359,0.6161385724505264,211,98,0,0,0
157,0,157,0.447829544,0.235778348,0.862471605,0.6737774071679408,0.5757639341945803,215,92,0,0,0
158,0,158,0.397370421,0.114890903,0.910437713,0.6845017078369702,0.5366518474617751,219,85,0,0,0
159,0,159,0.269822221,0.111584253,0.956422984,0.7062371996865104,0.5355924937450348,225,85,0,0,0
160,0,160,0.317885876,0.230956744,0.919569221,0.6970284571147668,0.5741855877750488,223,91,0,0,0
161,0,161,0.362625599,0.353049664,0.862472382,0.6866548123298427,0.6148553336093451,219,98,0,0,0
162,0,162,0.400729364,0.470321564,0.786265606,0.67498280172766,0.6558620665148113,215,104,0,0,0
163,0,163,0.429883067,0.575650671,0.695576633,0.6618970524656248,0.6952511768143654,211,111,0,0,0
164,0,164,0.44942011,0.664333442,0.597229137,0.6473283930777242,0.7312844954604123,207,117,0,0,0
165,0,165,0.352947486,0.741133792,0.571094365,0.6618975665577196,0.7657115945227871,211,122,0,0,0
166,0,166,0.333179804,0.664332905,0.669068764,0.6764661764078134,0.7312842667688892,216,117,0,0,0
167,0,167,0.305987863,0.569943079,0.762585283,0.6892690068391802,0.6930347587492784,220,110,0,0,0
168,0,168,0.27173871,0.460751835,0.844905806,0.7004754561769919,0.6524201815997076,224,104,0,0,0
169,0,169,0.232060679,0.342416135,0.910438923,0.7102789748142729,0.6112452589524161,227,97,0,0,0
170,0,170,0.189502112,0.222133193,0.956423439,0.7188688458957572,0.5713019813698912,230,91,0,0,0
171,0,171,0.146794354,0.106651938,0.983400621,0.7264167282088297,0.5340130563019323,232,85,0,0,0
172,0,172,0.030549123,0.094021168,0.995101387,0.7451155556285611,0.5299721372424039,238,84,255,0,0
173,0,173,0.066777477,0.205522379,0.976371507,0.7391317593260759,0.5658893351169727,236,90,255,0,0
174,0,174,0.105150314,0.323623764,0.940324982,0.7322763870041489,0.604901205457979,234,96,255,0,0
175,0,175,0.143766299,0.442473602,0.885182672,0.7243747203429249,0.6458989638717353,231,103,0,0,0
176,0,176,0.180357511,0.555091619,0.812000285,0.7152140059779701,0.6873168083432332,228,109,0,0,0
177,0,177,0.212868393,0.655151595,0.724888567,0.7045410268458369,0.7273952538312144,225,116,0,0,0
178,0,178,0.239992742,0.738633361,0.629939872,0.6920674974921074,0.7645284925522393,221,122,0,0,0
179,0,179,0.261371961,0.804432868,0.533453333,0.6774913698180435,0.7975306653526875,216,127,0,0,0
180,1,0,0.181391744,0.862542259,0.47235356,0.6916454647863757,0.8311290957843539,221,132,0,0,0
181,1,1,0.115427467,0.913703401,0.389644191,0.704163061986996,0.8667903262329169,225,138,0,0,0
182,1,2,0.048756545,0.955435041,0.291147181,0.7235923850820801,0.9046132433434076,231,144,0,0,0
183,1,3,-0.023806662,0.983374157,0.180023636,0.770925529485501,0.9418753280878243,246,150,0,0,0
184,1,4,-0.098727867,0.993241975,0.061017926,0.9118950312270446,0.9629728822807732,291,154,0,0,0
185,1,5,-0.171660656,0.983374796,-0.059216804,0.05286835616625766,0.9418764481985628,16,150,0,0,0
186,1,6,-0.238598209,0.955436218,-0.173817511,0.10020315707461018,0.9046145124875218,32,144,0,0,0
187,1,7,-0.296877756,0.913704942,-0.277501129,0.1196329557384607,0.866791533269583,38,138,0,0,0
188,1,8,-0.341353336,0.862543758,-0.373491854,0.13215058582425315,0.8311300387919432,42,132,0,0,0
189,1,9,-0.360233877,0.804433703,-0.47235365,0.1463043168457095,0.7975311127761128,46,127,0,0,0
190,1,10,-0.456096391,0.738634772,-0.496381664,0.13172748436469875,0.7645291588196304,42,122,0,0,0
191,1,11,-0.443673559,0.8070508,-0.389644426,0.11469542868952273,0.7989376628785829,36,127,0,0,0
192,1,12,-0.414825123,0.86565828,-0.280278184,0.09456966135325648,0.8330997634796867,30,133,0,0,0
193,1,13,-0.368557903,0.913209994,-0.173817659,0.07013693437174817,0.8664043773293566,22,138,0,0,0
194,1,14,-0.308463289,0.949354998,-0.059795386,0.03047410837271388,0.8982619088182864,9,143,0,0,0
195,1,15,-0.238671736,0.969099539,0.062304784,0.9593598700940519,0.9206636311490293,306,147,0,0,0
196,1,16,-0.162464646,0.969098879,0.185614121,0.8644307380915754,0.9206627794709575,276,147,0,0,0
197,1,17,-0.084470125,0.949353118,0.302644107,0.7933188789351776,0.8982600042774603,253,143,0,0,0
198,1,18,-0.009364001,0.913207209,0.40738791,0.7536576064987284,0.8664022018457185,241,138,255,0,0
199,1,19,0.065163057,0.865655213,0.496381736,0.7292255548986144,0.8330978134550382,233,133,255,0,0
200,1,20,-0.062425118,0.855164836,0.514583529,0.7692135070443026,0.8265441662570863,246,132,0,0,0
201,1,21,-0.143426607,0.896463663,0.419263294,0.8024594600662361,0.8538725332632402,256,136,0,0,0
202,1,22,-0.224119171,0.924303534,0.308923251,0.8498897790948503,0.8753531505994641,271,140,0,0,0
203,1,23,-0.303532246,0.934171331,0.187595577,0.9118950195026804,0.8838593193905127,291,141,0,0,0
204,1,24,-0.376533644,0.924305428,0.062304827,0.9739011957556615,0.8753547302394582,311,140,0,0,0
205,1,25,-0.439135607,0.896467109,-0.059216902,0.021333162660566427,0.8538750086904243,6,136,0,0,0
206,1,26,-0.488165975,0.855169123,-0.174297882,0.05458033392491828,0.8265467988173034,17,132,0,0,0
207,1,27,-0.522142612,0.801623497,-0.29114749,0.08095583878683141,0.7960300875720053,25,127,0,0,0
208,1,28,-0.544342099,0.733298577,-0.407387869,0.10225370267912355,0.7620202385281981,32,121,0,0,0
209,1,29,-0.553153093,0.655153395,-0.51458302,0.11925330873542699,0.7273960122168208,38,116,0,0,0
210,1,30,-0.645609287,0.555093452,-0.524461541,0.10857979555059934,0.6873175097979304,34,109,0,0,0
211,1,31,-0.642960924,0.640952373,-0.419262813,0.09196561121309221,0.7214604014822433,29,115,0,0,0
212,1,32,-0.626352073,0.718393795,-0.302644073,0.07163652094298521,0.7551223772735901,22,120,0,0,0
213,1,33,-0.597271709,0.781574,-0.180023856,0.04659263534818838,0.7855828673543391,14,125,0,0,0
214,1,34,-0.556756365,0.828563072,-0.05920799,0.01686188249537177,0.810841180377785,5,129,0,0,0
215,1,35,-0.503941418,0.861579856,0.061018026,0.9808226217602013,0.8305246361247642,313,132,0,0,0
216,1,36,-0.438188248,0.879510315,0.185614291,0.9362298161442373,0.8421297184723695,299,134,0,0,0
217,1,37,-0.361980786,0.879509103,0.308923369,0.8875603809271632,0.8421289077830828,284,134,0,0,0
218,1,38,-0.279947078,0.861576487,0.423456716,0.8429685443330306,0.8305225235688696,269,132,0,0,0
219,1,39,-0.196036153,0.828558306,0.524462544,0.8069305041723227,0.810838470845878,258,129,0,0,0
220,1,40,-0.32842607,0.785541436,0.524462552,0.8390427674012169,0.7876154568615732,268,126,0,0,0
221,1,41,-0.41090032,0.809554934,0.419263324,0.8733967397120118,0.8002915001814785,279,128,0,0,0
222,1,42,-0.489682762,0.817690158,0.302644341,0.9118950223861093,0.8047457427688358,291,128,0,0,0
223,1,43,-0.558755759,0.809557522,0.180023943,0.9503936800036176,0.800292903463531,304,128,0,0,0
224,1,44,-0.6159643,0.785545924,0.059207959,0.9847485038788563,0.7876177654595538,315,126,0,0,0
225,1,45,-0.663686405,0.745518049,-0.06101799,0.014591365226679904,0.7677978595985371,4,122,0,0,0
226,1,46,-0.701058978,0.688522859,-0.185614068,0.04119307473946798,0.7417405211346757,13,118,0,0,0
227,1,47,-0.724607997,0.616043833,-0.308922718,0.06413901546604414,0.7112655903618503,20,113,0,0,0
228,1,48,-0.732903377,0.5324829,-0.423455548,0.08338439686710448,0.6787409354678098,26,108,0,0,0
229,1,49,-0.727431567,0.442475188,-0.524460697,0.09941860741906078,0.6458995268178745,31,103,0,0,0
230,1,50,-0.794023579,0.323624913,-0.51458087,0.09151655788746464,0.6049015919974056,29,96,0,0,0
231,1,51,-0.808270004,0.413424098,-0.419261393,0.07615673765248017,0.6356672975900307,24,101,0,0,0
232,1,52,-0.809811524,0.49877089,-0.30892215,0.0580015533000734,0.6662150888799724,18,106,0,0,0
233,1,53,-0.794655903,0.57734745,-0.18759509,0.03689633660278367,0.6959121769600787,11,111,0,0,0
234,1,54,-0.762713652,0.64372821,-0.062304702,0.0129722767900847,0.722613265918735,4,115,0,0,0
235,1,55,-0.71689203,0.694664798,0.059216848,0.9868832323102529,0.7444472886616992,315,119,0,0,0
236,1,56,-0.662463627,0.728534294,0.174297805,0.9590534619138049,0.7597981059945352,306,121,0,0,0
237,1,57,-0.601039981,0.744301073,0.291147477,0.9282060161070684,0.7672172303962684,297,122,0,0,0
238,1,58,-0.529200322,0.744299707,0.407387979,0.8955840910530565,0.7672165793300604,286,122,0,0,0
239,1,59,-0.45215795,0.728530774,0.514583423,0.8647371227969675,0.7597964703266862,276,121,0,0,0
240,1,60,-0.561544308,0.662022132,0.496381594,0.8847907445719634,0.7303015278581311,283,116,0,0,0
241,1,61,-0.653744722,0.591185315,0.472353429,0.9004182555240264,0.701339816327631,288,112,0,0,0
242,1,62,-0.630449846,0.671349629,0.389644282,0.9118950186441366,0.7342850858924421,291,117,0,0,0
243,1,63,-0.695102841,0.662024374,0.28027802,0.9389994935570609,0.7303024800484835,300,116,0,0,0
244,1,64,-0.754625003,0.632715249,0.173817485,0.9639692768843229,0.7180596333187892,308,114,0,0,0
245,1,65,-0.807571751,0.586730254,0.059795278,0.9882371076870965,0.6995851044538504,316,111,0,0,0
246,1,66,-0.847917126,0.526454832,-0.062304563,0.011673653033115504,0.676479075320663,3,108,0,0,0
247,1,67,-0.871466025,0.453976502,-0.185613316,0.03339928873381871,0.6499949993620379,10,103,0,0,0
248,1,68,-0.876788504,0.373696962,-0.302642528,0.05289783956511907,0.6219100000500324,16,99,0,0,0
249,1,69,-0.865621062,0.291096758,-0.407385388,0.0700082842471659,0.5940201596235273,22,95,0,0,0
250,1,70,-0.843426776,0.205523011,-0.496378449,0.08466086336503598,0.5658895406770453,27,90,0,0,0
251,1,71,-0.876382187,0.094021413,-0.472349696,0.07867677469133447,0.5299722155753261,25,84,0,0,0
252,1,72,-0.904654969,0.172566514,-0.389641097,0.06472743333846367,0.5552059736469825,20,88,0,0,0
253,1,73,-0.923741409,0.248870123,-0.291145104,0.04859395916390413,0.5800592331370136,15,92,0,0,0
254,1,74,-0.927889705,0.326515815,-0.180022546,0.03049920127272655,0.6058746416598852,9,96,0,0,0
255,1,75,-0.914122605,0.400820051,-0.06101762,0.010607845397627911,0.6312747435538683,3,101,0,0,0
256,1,76,-0.882200773,0.467135085,0.059216625,0.9893329245473897,0.65471382682103,316,104,0,0,0
257,1,77,-0.834944525,0.522163994,0.173817156,0.9673339893094876,0.6748751121837068,309,107,0,0,0
258,1,78,-0.777245912,0.564696491,0.277500748,0.945421858508188,0.6910067653231176,302,110,0,0,0
259,1,79,-0.714844678,0.591186166,0.373491637,0.9233718287060609,0.7013401521860432,295,112,0,0,0
260,1,80,-0.783155826,0.497163251,0.37349117,0.929175772120616,0.6656249944043896,297,106,0,0,0
261,1,81,-0.844425516,0.456497853,0.28027711,0.9489951218686701,0.6508963900628988,303,104,0,0,0
262,1,82,-0.897593039,0.404904105,0.174296879,0.9694747784641753,0.6326951000397275,310,101,0,0,0
263,1,83,-0.937444071,0.343064253,0.059207534,0.9899613510339582,0.6114648626714286,316,97,0,0,0
264,1,84,-0.960058592,0.273462931,-0.059207481,0.0098027810407002,0.5881690878388436,3,94,0,0,0
265,1,85,-0.964166394,0.200009975,-0.174296229,0.028463677410925176,0.5640974574671723,9,90,0,0,0
266,1,86,-0.9514787,0.127019491,-0.280275459,0.045592505396039006,0.5405410768609507,14,86,0,0,0
267,1,87,-0.925813108,0.058108231,-0.373488316,0.06102767510179779,0.5185068493117839,19,82,0,0,0
268,1,88,-0.925813108,-0.058108236,-0.373488316,0.06102767510179779,0.4814931490939729,19,77,0,0,0
269,1,89,-0.960726091,1.59e-09,-0.277498428,0.04475266571251474,0.5000000005061127,14,80,0,0,0
270,1,90,-0.982405228,0.068322636,-0.173815953,0.02787069000075082,0.521764725831735,8,83,0,0,0
271,1,91,-0.988291518,0.140617575,-0.059216317,0.009524836632478663,0.544908801201646,3,87,0,0,0
272,1,92,-0.975138439,0.213030242,0.061017554,0.990054129605787,0.568333286330254,316,90,0,0,0
273,1,93,-0.942601861,0.281235751,0.180022734,0.9699654933949861,0.5907442890784323,310,94,0,0,0
274,1,94,-0.893606975,0.341614585,0.291146097,0.9498718667312884,0.6109737437550687,303,97,0,0,0
275,1,95,-0.833315268,0.392127381,0.389643147,0.9303890549882636,0.6282607565663444,297,100,0,0,0
276,1,96,-0.764273775,0.439053983,0.47235283,0.9118950514796864,0.6446863172324296,291,103,0,0,0
277,1,97,-0.80315092,0.329476828,0.496380519,0.9118950508955413,0.6068723564776787,291,97,0,0,0
278,1,98,-0.871405798,0.273291442,0.407386454,0.9303991172200695,0.588112339474436,297,94,0,0,0
279,1,99,-0.928991655,0.21303036,0.302642646,0.9498768436628122,0.5683333247732569,303,90,0,0,0
280,1,100,-0.971872434,0.144954476,0.185612963,0.9699654947893077,0.5463035722473663,310,87,0,0,0
281,1,101,-0.995422137,0.072477181,0.06230432,0.9900513345916396,0.5230904488677666,316,83,0,0,0
282,1,102,-0.998210688,-6.44e-09,-0.059794832,0.009522323232364016,0.4999999979500843,3,79,0,0,0
283,1,103,-0.982405227,-0.06832265,-0.173815953,0.027870690028544202,0.47823526970148894,8,76,0,0,0
284,1,104,-0.95147871,-0.127019493,-0.280275424,0.045592499555598534,0.459458922497231,14,73,0,0,0
285,1,105,-0.904654956,-0.172566526,-0.389641124,0.064727438176168,0.44479402247512206,20,71,0,0,0
286,1,106,-0.876382189,-0.094021405,-0.472349694,0.07867677425819077,0.47002778698248354,25,75,0,0,0
287,1,107,-0.843426828,-0.205523004,-0.496378365,0.08466084730272694,0.4341104615997278,27,69,0,0,0
288,1,108,-0.794023594,-0.32362492,-0.514580842,0.09151655256289713,0.39509840564769755,29,63,0,0,0
289,1,109,-0.865621081,-0.291096744,-0.407385358,0.0700082783855189,0.40597984503453494,22,64,0,0,0
290,1,110,-0.923741387,-0.248870138,-0.29114516,0.04859396902722905,0.41994076193323265,15,67,0,0,0
291,1,111,-0.964166397,-0.200009956,-0.17429623,0.028463677484083304,0.43590254870544015,9,69,0,0,0
292,1,112,-0.988291518,-0.140617575,-0.059216317,0.009524836632478663,0.45509119879835397,3,72,0,0,0
293,1,113,-0.995422136,-0.072477191,0.06230431,0.9900513361743006,0.4769095479407412,316,76,0,0,0
294,1,114,-0.982246598,-3.99e-09,0.187594299,0.9699654905231097,0.4999999987299435,310,79,0,0,0
295,1,115,-0.948321943,0.072477247,0.308921579,0.9498796353776482,0.5230904699316156,303,83,0,0,0
296,1,116,-0.89690936,0.140617763,0.419261547,0.9304060993759093,0.5449088616444661,297,87,0,0,0
297,1,117,-0.832600971,0.20489285,0.514581911,0.9118950451898422,0.5656845925732404,291,90,0,0,0
298,1,118,-0.848585065,0.069600838,0.524460781,0.9118950401175664,0.5221725611243162,291,83,0,0,0
299,1,119,-0.905917216,-3.19e-09,0.423454835,0.9304086148880167,0.49999999898459146,297,79,0,0,0
300,1,120,-0.948321943,-0.072477247,0.308921579,0.9498796353776482,0.4769095300683845,303,76,0,0,0
301,1,121,-0.971872431,-0.144954495,0.185612963,0.9699654946987818,0.45369642164018825,310,72,0,0,0
302,1,122,-0.975138435,-0.21303026,0.061017549,0.9900541303779758,0.4316667078055592,316,69,0,0,0
303,1,123,-0.960058597,-0.273462913,-0.059207481,0.009802780989776199,0.4118309181177859,3,65,0,0,0
304,1,124,-0.927889717,-0.326515781,-0.180022548,0.030499201218482118,0.39412536979021073,9,63,0,0,0
305,1,125,-0.87678857,-0.373696848,-0.302642478,0.05289782776029607,0.3780900390716244,16,60,0,0,0
306,1,126,-0.808269965,-0.413424156,-0.419261412,0.07615674373938805,0.3643326821340865,24,58,0,0,0
307,1,127,-0.727431567,-0.442475188,-0.524460697,0.09941860741906078,0.35410047318212545,31,56,0,0,0
308,1,128,-0.645609358,-0.555093447,-0.524461459,0.10857977480675107,0.3126824921154773,34,50,0,0,0
309,1,129,-0.732903362,-0.532482927,-0.42345554,0.08338439697564352,0.32125905437865393,26,51,0,0,0
310,1,130,-0.809811515,-0.498770884,-0.308922185,0.0580015598939354,0.3337849133235406,18,53,0,0,0
311,1,131,-0.87146607,-0.453976411,-0.185613326,0.033399288806401445,0.35000503314722703,10,56,0,0,0
312,1,132,-0.914122606,-0.400820047,-0.061017626,0.010607846426064719,0.3687252578358933,3,58,0,0,0
313,1,133,-0.937444065,-0.343064268,0.059207539,0.989961350124373,0.38853513224543756,316,62,0,0,0
314,1,134,-0.942601856,-0.281235768,0.180022733,0.9699654934023291,0.409255705282708,310,65,0,0,0
315,1,135,-0.92899164,-0.213030394,0.302642667,0.9498768396534266,0.4316666641499454,303,69,0,0,0
316,1,136,-0.896909344,-0.140617782,0.419261576,0.930406094063546,0.45509113224695097,297,72,0,0,0
317,1,137,-0.848585086,-0.069600833,0.524460747,0.9118950464932545,0.47782744047110226,291,76,0,0,0
318,1,138,-0.832600971,-0.20489285,0.514581911,0.9118950451898422,0.43431540742675956,291,69,0,0,0
319,1,139,-0.871405812,-0.273291446,0.407386422,0.9303991229973213,0.41188765920193565,297,65,0,0,0
320,1,140,-0.893606975,-0.341614585,0.291146097,0.9498718667312884,0.38902625624493126,303,62,0,0,0
321,1,141,-0.897593054,-0.404904077,0.174296867,0.9694747810123157,0.3673049097077297,310,58,0,0,0
322,1,142,-0.882200805,-0.467135025,0.059216618,0.9893329261903406,0.3452861947791692,316,55,0,0,0
323,1,143,-0.847917159,-0.526454776,-0.06230458,0.011673655754199411,0.32352094564533124,3,51,0,0,0
324,1,144,-0.794655948,-0.57734739,-0.187595083,0.03689633325950305,0.30408784643076764,11,48,0,0,0
325,1,145,-0.724607997,-0.616043833,-0.308922718,0.06413901546604414,0.2887344096381497,20,46,0,0,0
326,1,146,-0.642960918,-0.640952406,-0.419262771,0.09196560459794835,0.27853958483290614,29,44,0,0,0
327,1,147,-0.553153078,-0.655153421,-0.514583003,0.11925330826562046,0.27260397682870896,38,43,0,0,0
328,1,148,-0.456096357,-0.738634762,-0.496381709,0.13172749746408108,0.23547084590232686,42,37,0,0,0
329,1,149,-0.544342072,-0.733298592,-0.407387877,0.102253707965388,0.23797975444929717,32,38,0,0,0
330,1,150,-0.626352066,-0.718393787,-0.302644107,0.0716365286438537,0.24487762638705513,22,39,0,0,0
331,1,151,-0.701059016,-0.688522822,-0.185614058,0.04119307048354741,0.25825949510529633,13,41,0,0,0
332,1,152,-0.762713652,-0.64372821,-0.062304702,0.0129722767900847,0.2773867340812651,4,44,0,0,0
333,1,153,-0.807571734,-0.586730277,0.059795283,0.9882371064603603,0.3004148865052924,316,48,0,0,0
334,1,154,-0.834944541,-0.522163967,0.17381716,0.967333989187234,0.3251248978935826,309,52,0,0,0
335,1,155,-0.844425521,-0.456497855,0.280277092,0.9489951252063481,0.34910360922157657,303,55,0,0,0
336,1,156,-0.833315244,-0.392127406,0.389643172,0.9303890493113808,0.37173923478309284,297,59,0,0,0
337,1,157,-0.80315092,-0.329476828,0.496380519,0.9118950508955413,0.3931276435223213,291,62,0,0,0
338,1,158,-0.764273744,-0.439054009,0.472352857,0.91189504452416,0.3553136735561966,291,56,0,0,0
339,1,159,-0.783155855,-0.497163222,0.373491147,0.9291757782184675,0.33437501623459154,297,53,0,0,0
340,1,160,-0.777245873,-0.564696519,0.277500799,0.9454218467168544,0.3089932238775472,302,49,0,0,0
341,1,161,-0.754625003,-0.632715249,0.173817485,0.9639692768843229,0.28194036668121086,308,45,0,0,0
342,1,162,-0.716892067,-0.69466476,0.059216859,0.9868832305586442,0.25555272815355246,315,40,0,0,0
343,1,163,-0.663686368,-0.745518083,-0.061017973,0.01459136199308064,0.232202124163244,4,37,0,0,0
344,1,164,-0.597271769,-0.781573952,-0.180023862,0.04659263239618532,0.21441715713839365,14,34,0,0,0
345,1,165,-0.522142612,-0.801623497,-0.29114749,0.08095583878683141,0.2039699124279947,25,32,0,0,0
346,1,166,-0.443673559,-0.8070508,-0.389644426,0.11469542868952273,0.20106233712141708,36,32,0,0,0
347,1,167,-0.360233899,-0.804433676,-0.472353679,0.1463043168705159,0.20246890169148446,46,32,0,0,0
348,1,168,-0.34135336,-0.862543722,-0.373491915,0.13215059319629863,0.16886998385539287,42,27,0,0,0
349,1,169,-0.414825121,-0.865658275,-0.280278201,0.09456966618728478,0.16690023969937248,30,26,0,0,0
350,1,170,-0.488165975,-0.855169123,-0.174297882,0.05458033392491828,0.17345320118269655,17,27,0,0,0
351,1,171,-0.556756391,-0.828563054,-0.059207988,0.016861881148488286,0.18915882985550933,5,30,0,0,0
352,1,172,-0.615964324,-0.785545905,0.059207958,0.9847485047254914,0.21238224431396727,315,33,0,0,0
353,1,173,-0.66246367,-0.728534258,0.174297796,0.9590534664781103,0.2402019107339312,306,38,0,0,0
354,1,174,-0.695102876,-0.662024331,0.280278034,0.9389994935792434,0.26969753821388853,300,43,0,0,0
355,1,175,-0.714844678,-0.591186166,0.373491637,0.9233718287060609,0.2986598478139569,295,47,0,0,0
356,1,176,-0.653744786,-0.591185235,0.472353441,0.9004182610010321,0.2986602152454144,288,47,0,0,0
357,1,177,-0.630449846,-0.671349629,0.389644282,0.9118950186441366,0.26571491410755776,291,42,0,0,0
358,1,178,-0.601039981,-0.744301073,0.291147477,0.9282060161070684,0.2327827696037316,297,37,0,0,0
359,1,179,-0.558755761,-0.809557525,0.180023925,0.9503936848148211,0.19970709490978464,304,31,0,0,0
360,1,180,-0.503941418,-0.861579855,0.061018031,0.9808226202039159,0.16947536450229664,313,27,0,0,0
361,1,181,-0.439135607,-0.896467109,-0.059216907,0.02133316444034157,0.14612499130957568,6,23,0,0,0
362,1,182,-0.36855787,-0.913210007,-0.173817661,0.07013694057615154,0.13359561251570443,22,21,0,0,0
363,1,183,-0.296877756,-0.913704942,-0.277501129,0.1196329557384607,0.13320846673041686,38,21,0,0,0
364,1,184,-0.23082303,-0.898456842,-0.373491676,0.1618982233015353,0.14468910234516685,51,23,0,0,0
365,1,185,-0.173215567,-0.944161386,-0.280277798,0.16189822126397937,0.10687455489082508,51,17,0,0,0
366,1,186,-0.238598208,-0.955436216,-0.173817525,0.10020316349290959,0.09538548966906671,32,15,0,0,0
367,1,187,-0.308463276,-0.949355001,-0.059795396,0.030474114598609523,0.1017380881425251,9,16,0,0,0
368,1,188,-0.37653365,-0.924305426,0.062304822,0.9739011982212249,0.1246452714285983,311,19,0,0,0
369,1,189,-0.438188248,-0.879510315,0.185614291,0.9362298161442373,0.1578702815276306,299,25,0,0,0
370,1,190,-0.48968276,-0.817690154,0.302644358,0.911895018097302,0.19525425944296046,291,31,0,0,0
371,1,191,-0.529200314,-0.744299695,0.407388011,0.895584083847298,0.2327834263894018,286,37,0,0,0
372,1,192,-0.561544287,-0.662022107,0.496381652,0.8847907323905215,0.2696984827594993,283,43,0,0,0
373,1,193,-0.45215795,-0.728530774,0.514583423,0.8647371227969675,0.24020352967331382,276,38,0,0,0
374,1,194,-0.410900307,-0.809554908,0.419263387,0.8733967252396966,0.19970851391636588,279,31,0,0,0
375,1,195,-0.361980757,-0.87950911,0.308923383,0.8875603710695662,0.1578710875347293,284,25,0,0,0
376,1,196,-0.303532244,-0.934171324,0.187595614,0.9118950049953223,0.1161406868539224,291,18,0,0,0
377,1,197,-0.2386717,-0.969099548,0.062304785,0.9593598636028214,0.07933635723711688,306,12,0,0,0
378,1,198,-0.171660656,-0.983374795,-0.059216814,0.05286836445176517,0.05812355355436575,16,9,0,0,0
379,1,199,-0.107718269,-0.978783502,-0.174297533,0.1618982372138544,0.06568600219131204,51,10,0,0,0
380,1,200,-0.036591265,-0.997574814,-0.059207847,0.1618982324285761,0.022173051251626833,51,3,0,0,0
381,1,201,-0.098727848,-0.993241977,0.061017926,0.9118950175292256,0.03702711223405479,291,5,0,0,0
382,1,202,-0.162464627,-0.969098875,0.185614159,0.8644307127189961,0.07933722569070055,276,12,0,0,0
383,1,203,-0.224119148,-0.92430352,0.30892331,0.8498897568836902,0.1246468610767904,271,19,0,0,0
384,1,204,-0.279947146,-0.861576425,0.423456798,0.8429685479396246,0.1694775153084573,269,27,0,0,0
385,1,205,-0.32842607,-0.785541436,0.524462552,0.8390427674012169,0.2123845431384268,268,33,0,0,0
386,1,206,-0.196036164,-0.82855827,0.524462597,0.8069305018263949,0.18916154962045212,258,30,0,0,0
387,1,207,-0.143426617,-0.896463648,0.419263323,0.8024594600931962,0.1461274775118946,256,23,0,0,0
388,1,208,-0.084470115,-0.949353113,0.302644124,0.7933188717415391,0.10174000078776184,253,16,0,0,0
389,1,209,-0.023806654,-0.983374153,0.180023663,0.7709255194320641,0.058124678923756355,246,9,0,0,0
390,1,210,0.036591272,-0.997574814,0.059207847,0.6618982188125815,0.022173051251626833,211,3,0,0,0
391,1,211,0.107718277,-0.978783502,0.174297528,0.661898229886054,0.06568600219131204,211,10,0,0,0
392,1,212,0.048756564,-0.95543504,0.291147181,0.7235923749791019,0.09538675773487273,231,15,0,0,0
393,1,213,-0.009363985,-0.913207209,0.40738791,0.7536576002512811,0.1335977981542815,241,21,255,0,0
394,1,214,-0.062425116,-0.85516487,0.514583473,0.7692135085053668,0.173455812864341,246,27,0,0,0
395,1,215,0.065163073,-0.86565516,0.496381826,0.7292255535794626,0.16690222024263043,233,26,255,0,0
396,1,216,0.115427477,-0.9137034,0.38964419,0.7041630581206687,0.13320967455036128,225,21,0,0,0
397,1,217,0.173215567,-0.944161386,0.280277798,0.6618982212639795,0.10687455489082508,211,17,0,0,0
398,1,218,0.230823011,-0.898456844,0.373491683,0.661898230494232,0.1446891008952121,211,23,0,0,0
399,1,219,0.181391756,-0.862542225,0.472353618,0.6916454678029106,0.168870925604689,221,27,0,0,0
400,2,0,0.150080241,0.807048369,-0.571094433,0.2909001849140773,0.798936352408254,93,127,0,0,0
401,2,1,0.120930998,0.733295712,-0.669068825,0.2784592411235874,0.7620188972328757,89,121,0,0,0
402,2,2,0.026891632,0.801619526,-0.597229416,0.2571614811586053,0.7960279732508923,82,127,0,255,0
403,2,3,-0.106096205,0.781569116,-0.614730276,0.22279943679466857,0.785580375230881,71,125,0,0,0
404,2,4,-0.009428109,0.718389651,-0.695577041,0.2478428870130871,0.7551204810651284,79,120,0,255,0
405,2,5,0.087449778,0.640949407,-0.762585336,0.26817177842560685,0.7214591715064769,85,115,0,255,0
406,2,6,0.050977972,0.532480266,-0.844905919,0.25959109432085753,0.6787399449349117,83,108,0,255,0
407,2,7,-0.047752128,0.616040106,-0.786266063,0.24034593493834544,0.7112640843051428,76,113,0,255,0
408,2,8,-0.147509677,0.688518225,-0.710058835,0.21740038157535949,0.74173848719402,69,118,0,0,0
409,2,9,-0.242236506,0.745513065,-0.620912026,0.1907992882391821,0.7677954792767057,61,122,0,0,0
410,2,10,-0.373568953,0.694660422,-0.614730132,0.1630920094071599,0.7444453522583622,52,119,0,0,0
411,2,11,-0.285370264,0.64372375,-0.710058833,0.18918047476552363,0.7226114107722866,60,115,0,0,0
412,2,12,-0.18759385,0.577343518,-0.794659052,0.21310403966270564,0.6959106440825198,68,111,0,0,0
413,2,13,-0.085855107,0.498767918,-0.862472878,0.23420889837395842,0.6662139974076272,74,106,0,255,0
414,2,14,0.013523353,0.413422149,-0.91043904,0.2523638597585195,0.6356666162507918,80,101,0,255,0
415,2,15,-0.022745379,0.291095547,-0.956423562,0.24621573807402536,0.5940197567012218,78,95,0,255,0
416,2,16,-0.121423145,0.373694888,-0.919569764,0.22910551109499458,0.621909288310718,73,99,0,0,0
417,2,17,-0.223715264,0.453973627,-0.862472856,0.2096072882546476,0.6499939722844345,67,103,0,0,0
418,2,18,-0.323472944,0.526451439,-0.786265945,0.18788205194250154,0.6764778050075926,60,108,0,0,0
419,2,19,-0.414637956,0.586726722,-0.695576825,0.1644459723958185,0.6995837160948563,52,111,0,0,0
420,2,20,-0.492942974,0.632712063,-0.597229161,0.1401786217899072,0.7180583237193044,44,114,0,0,0
421,2,21,-0.595794789,0.564694641,-0.571094154,0.12163152078978054,0.6910060517961623,38,110,0,0,0
422,2,22,-0.528861431,0.52216169,-0.669068574,0.14354331694000347,0.6748742522557176,45,107,0,0,0
423,2,23,-0.447494234,0.46713261,-0.762585101,0.16554186022224363,0.6547129358134578,52,104,0,0,0
424,2,24,-0.354230608,0.400817826,-0.844905762,0.1868164145891813,0.6312739704993883,59,101,0,0,0
425,2,25,-0.253947761,0.326514129,-0.910438937,0.2067074320654504,0.6058740738700062,66,96,0,0,0
426,2,26,-0.152703091,0.248869034,-0.956423531,0.22480191278222378,0.5800588752369398,71,92,0,0,0
427,2,27,-0.05607114,0.172565925,-0.983400747,0.24093518355950092,0.5552057833069631,77,88,0,255,0
428,2,28,-0.079979697,0.058108062,-0.995101352,0.23723561153035078,0.5185067954263625,75,82,0,255,0
429,2,29,-0.174828621,0.127019037,-0.976371404,0.2218006327142187,0.5405409311681874,70,86,0,0,0
430,2,30,-0.275291972,0.200009092,-0.940324781,0.20467205676491784,0.5640971706031545,65,90,0,0,0
431,2,31,-0.37639196,0.273461649,-0.885182365,0.18601144984966012,0.5881686635945323,59,94,0,0,0
432,2,32,-0.472190757,0.343062756,-0.811999898,0.1661703418485181,0.61146435537482,53,97,0,0,0
433,2,33,-0.55730694,0.404902586,-0.724888178,0.14568409997109838,0.6326945712403644,46,101,0,0,0
434,2,34,-0.628320902,0.456496616,-0.629939429,0.12520472427220053,0.6508959475110946,40,104,0,0,0
435,2,35,-0.684293408,0.497162573,-0.533452817,0.10538560103224572,0.6656247456724023,33,106,0,0,0
436,2,36,-0.721171719,0.392126932,-0.57109353,0.10659885500876694,0.6282606012022548,34,100,0,0,0
437,2,37,-0.660036499,0.341613692,-0.669067938,0.12608146207122603,0.6109734413092918,40,97,0,0,0
438,2,38,-0.754076058,0.273291023,-0.597228027,0.10660892796805976,0.5881122008243714,34,94,0,0,0
439,2,39,-0.776102732,0.140617542,-0.614728603,0.10661591639173747,0.5449087905920023,34,87,0,0,0
440,2,40,-0.686143529,0.213029758,-0.695575575,0.12608642445735863,0.568333128648795,40,90,0,0,0
441,2,41,-0.582556426,0.281234753,-0.762584438,0.14617480056920099,0.5907439580442473,46,94,0,0,0
442,2,42,-0.490666665,0.21302932,-0.844905162,0.16626314255326055,0.5683329859536052,53,90,0,0,0
443,2,43,-0.600646395,0.144953921,-0.786264757,0.14617479942266587,0.5463033936996236,46,87,0,0,0
444,2,44,-0.700404079,0.072477014,-0.710057186,0.1260892292804723,0.5230903955698462,40,83,0,0,0
445,2,45,-0.783881734,-5.58e-09,-0.620910161,0.10661841593050968,0.49999999822383084,34,79,0,0,0
446,2,46,-0.776102751,-0.140617545,-0.61472858,0.10661591159705248,0.4550912084434847,34,72,0,0,0
447,2,47,-0.700404079,-0.072477024,-0.710057186,0.1260892292804723,0.47690960123866166,40,76,0,0,0
448,2,48,-0.607057823,-8.25e-09,-0.794657662,0.14617481361855955,0.49999999737394346,46,79,0,0,0
449,2,49,-0.500888608,0.072476851,-0.862471859,0.1662603366911876,0.5230903435485232,53,83,0,0,0
450,2,50,-0.389009857,0.140616971,-0.910438465,0.18573353405282678,0.5449086070130224,59,87,0,0,0
451,2,51,-0.283877888,0.068322357,-0.956423233,0.20407911033963844,0.521764636815271,65,83,0,0,0
452,2,52,-0.392928376,-7.2e-09,-0.919569079,0.1857310148128997,0.49999999770816883,59,79,0,0,0
453,2,53,-0.500888574,-0.072476875,-0.862471877,0.1662603428254166,0.47690964879189557,53,76,0,0,0
454,2,54,-0.600646334,-0.144953925,-0.786264803,0.14617481171170077,0.453696605013546,46,72,0,0,0
455,2,55,-0.686143488,-0.213029769,-0.695575611,0.12608643333021238,0.4316668677675356,40,69,0,0,0
456,2,56,-0.754076058,-0.273291023,-0.597228027,0.10660892796805976,0.41188779917562857,34,65,0,0,0
457,2,57,-0.721171719,-0.392126932,-0.57109353,0.10659885500876694,0.37173939879774526,34,59,0,0,0
458,2,58,-0.660036541,-0.341613676,-0.669067904,0.12608145296444084,0.3890265641096686,40,62,0,0,0
459,2,59,-0.582556391,-0.281234736,-0.76258447,0.14617480840370903,0.4092560475946107,46,65,0,0,0
460,2,60,-0.490666695,-0.213029352,-0.844905137,0.16626313628224698,0.43166700362117594,53,69,0,0,0
461,2,61,-0.389009855,-0.140617,-0.910438461,0.1857335340958272,0.4550913836633521,59,72,0,0,0
462,2,62,-0.283877929,-0.068322372,-0.95642322,0.20407910347926833,0.47823535839889764,65,76,0,0,0
463,2,63,-0.181447719,7.96e-10,-0.983400592,0.22096084247499978,0.5000000002533747,70,80,0,0,0
464,2,64,-0.079979697,-0.058108062,-0.995101352,0.23723561153035078,0.4814932045736375,75,77,0,255,0
465,2,65,-0.174828602,-0.127019037,-0.976371407,0.2218006357999706,0.45945906883181264,70,73,0,0,0
466,2,66,-0.275291972,-0.200009092,-0.940324781,0.20467205676491784,0.4359028293968456,65,69,0,0,0
467,2,67,-0.376391953,-0.273461672,-0.885182361,0.18601145065654984,0.41183132879422174,59,65,0,0,0
468,2,68,-0.472190745,-0.343062824,-0.811999876,0.16617034173231462,0.38853562158165306,53,62,0,0,0
469,2,69,-0.55730705,-0.404902582,-0.724888095,0.14568407598628602,0.3673054301521285,46,58,0,0,0
470,2,70,-0.628320902,-0.456496616,-0.629939429,0.12520472427220053,0.34910405248890536,40,55,0,0,0
471,2,71,-0.68429342,-0.497162506,-0.533452864,0.10538560647821797,0.33437527890730134,33,53,0,0,0
472,2,72,-0.595794789,-0.564694641,-0.571094154,0.12163152078978054,0.30899394820383774,38,49,0,0,0
473,2,73,-0.528861431,-0.52216169,-0.669068574,0.14354331694000347,0.3251257477442824,45,52,0,0,0
474,2,74,-0.492942963,-0.632712048,-0.597229185,0.1401786266733406,0.2819416824464079,44,45,0,0,0
475,2,75,-0.373568973,-0.694660382,-0.614730165,0.16309200941736304,0.25555466544179867,52,40,0,0,0
476,2,76,-0.414637947,-0.586726747,-0.695576809,0.16444597230504251,0.30041627407815613,52,48,0,0,0
477,2,77,-0.447494234,-0.46713261,-0.762585101,0.16554186022224363,0.3452870641865422,52,55,0,0,0
478,2,78,-0.354230631,-0.400817851,-0.84490574,0.18681640942665909,0.3687260208146109,59,58,0,0,0
479,2,79,-0.323472903,-0.526451473,-0.786265939,0.1878820586130089,0.32352218226308477,60,51,0,0,0
480,2,80,-0.28537025,-0.643723795,-0.710058798,0.18918047475271355,0.27738857050991345,60,44,0,0,0
481,2,81,-0.242236492,-0.745513156,-0.620911923,0.1907992824142909,0.2322044772625405,61,37,0,0,0
482,2,82,-0.106096205,-0.781569116,-0.614730276,0.22279943679466857,0.21441962476911897,71,34,0,0,0
483,2,83,-0.147509641,-0.688518268,-0.710058801,0.21740038779300164,0.2582614939326124,69,41,0,0,0
484,2,84,-0.187593828,-0.577343546,-0.794659038,0.21310404320931722,0.3040893450017887,68,48,0,0,0
485,2,85,-0.223715256,-0.453973687,-0.862472826,0.20960728829240113,0.3500060062809197,67,56,0,0,0
486,2,86,-0.253947767,-0.326514061,-0.91043896,0.20670743213281953,0.3941259490301713,66,63,0,0,0
487,2,87,-0.152703072,-0.248869034,-0.956423534,0.2248019159430751,0.4199411247630602,71,67,0,0,0
488,2,88,-0.121423119,-0.373694857,-0.91956978,0.22910551587723108,0.3780907223276179,73,60,0,0,0
489,2,89,-0.085855088,-0.498767919,-0.862472879,0.2342089018638775,0.3337860022251214,74,53,0,255,0
490,2,90,-0.047752107,-0.616040131,-0.786266045,0.24034593895304773,0.28873590559253687,76,46,0,255,0
491,2,91,-0.009428102,-0.718389689,-0.695577002,0.2478428884935312,0.24487950154691263,79,39,0,255,0
492,2,92,0.026891631,-0.801619553,-0.59722938,0.2571614813237555,0.20397201237327856,82,32,0,255,0
493,2,93,0.150080241,-0.807048395,-0.571094397,0.2909001873802754,0.20106363357605964,93,32,0,0,0
494,2,94,0.120930992,-0.733295674,-0.669068867,0.27845923799283134,0.2379811205573878,89,38,0,0,0
495,2,95,0.087449792,-0.640949368,-0.762585366,0.26817178060086533,0.27854084466647533,85,44,0,255,0
496,2,96,0.050977981,-0.532480266,-0.844905919,0.2595910960100384,0.3212600550650883,83,51,0,255,0
497,2,97,0.01352336,-0.413422178,-0.910439027,0.25236386101567615,0.36433337361127677,80,58,0,255,0
498,2,98,-0.02274537,-0.291095547,-0.956423562,0.24621573957083584,0.40598024329877824,78,64,0,255,0
499,2,99,-0.056071144,-0.172565956,-0.983400741,0.2409351828590457,0.4447942066751416,77,71,0,255,0
500,2,100,0.030549126,-0.094021175,-0.995101387,0.2548844448508024,0.4700278605195127,81,75,0,255,0
501,2,101,0.066777472,-0.205522395,-0.976371504,0.2608682398959762,0.43411065967897516,83,69,0,255,0
502,2,102,0.105150303,-0.323623798,-0.940324971,0.26772361136265904,0.39509878310395496,85,63,0,255,0
503,2,103,0.143766318,-0.442473632,-0.885182654,0.27562528349758386,0.3541010254798555,88,56,0,0,0
504,2,104,0.180357511,-0.555091619,-0.812000285,0.2847859940220298,0.3126831916567669,91,50,0,0,0
505,2,105,0.212868404,-0.655151551,-0.724888604,0.29545897318138997,0.2726047647070807,94,43,0,0,0
506,2,106,0.239992761,-0.738633344,-0.629939885,0.30793250560712243,0.23547151547506937,98,37,0,0,0
507,2,107,0.261371961,-0.804432868,-0.533453333,0.3225086301819565,0.20246933464731243,103,32,0,0,0
508,2,108,0.352947486,-0.741133792,-0.571094365,0.3381024334422804,0.2342884054772129,108,37,0,0,0
509,2,109,0.333179804,-0.664332905,-0.669068764,0.3235338235921866,0.2687157332311108,103,42,0,0,0
510,2,110,0.449420088,-0.664333485,-0.597229106,0.35267160714818574,0.2687154862272248,112,42,0,0,0
511,2,111,0.54522602,-0.569944019,-0.614729536,0.36547496424241455,0.30696487710666215,116,49,0,0,0
512,2,112,0.429883046,-0.575650655,-0.69557666,0.33810294129459684,0.3047488294140616,108,48,0,0,0
513,2,113,0.305987863,-0.569943079,-0.762585283,0.31073099316081965,0.30696524125072155,99,49,0,0,0
514,2,114,0.271738768,-0.460751862,-0.844905772,0.29952455559103436,0.3475798087168152,95,55,0,0,0
515,2,115,0.400729396,-0.470321557,-0.786265594,0.32501720439685094,0.34413793601004034,104,55,0,0,0
516,2,116,0.524037391,-0.470321874,-0.710057848,0.3511891485233493,0.3441378216703216,112,55,0,0,0
517,2,117,0.634174233,-0.460752787,-0.620910551,0.3766818799814153,0.3475794769679652,120,55,0,0,0
518,2,118,0.710535213,-0.342416955,-0.614727858,0.3864858201297678,0.38875446323949125,123,62,0,0,0
519,2,119,0.609241107,-0.353050043,-0.710056998,0.3628615573739979,0.38514453744787464,116,61,0,0,0
520,2,120,0.491120505,-0.356818574,-0.794657885,0.33810335975041333,0.3838614343642638,108,61,0,0,0
521,2,121,0.362625604,-0.353049631,-0.862472393,0.3133451877289716,0.3851446776178618,100,61,0,0,0
522,2,122,0.232060714,-0.342416149,-0.910438908,0.28972103155845597,0.3887547363045196,92,62,0,0,0
523,2,123,0.189502077,-0.222133158,-0.956423454,0.28113114802414557,0.4286980300564261,89,68,0,0,0
524,2,124,0.317885877,-0.230956726,-0.919569225,0.30297154282605826,0.4258144181137382,96,68,0,0,0
525,2,125,0.447829577,-0.235778328,-0.862471594,0.3262225984586659,0.4242360723563075,104,67,0,0,0
526,2,126,0.571137135,-0.235778475,-0.786263877,0.3499844968358423,0.4242360242072813,111,67,0,0,0
527,2,127,0.680320176,-0.230957059,-0.695574076,0.3732355954136961,0.42581430917117313,119,68,0,0,0
528,2,128,0.770699495,-0.222133639,-0.597226033,0.3950760687983602,0.42869787302617157,126,68,0,0,0
529,2,129,0.813929477,-0.10665214,-0.571090298,0.40262427003447915,0.46598687903063385,128,74,0,0,0
530,2,130,0.734779488,-0.111584389,-0.66906504,0.3824446635143843,0.4644074626927734,122,74,0,0,0
531,2,131,0.636607045,-0.114891009,-0.762582144,0.36070911875533984,0.46334811857245944,115,74,0,0,0
532,2,132,0.522176321,-0.116059696,-0.844903566,0.33810371392890803,0.46297360858182607,108,74,0,0,0
533,2,133,0.397370508,-0.114890917,-0.910437673,0.31549830750159386,0.4633481480521805,100,74,0,0,0
534,2,134,0.269822221,-0.111584253,-0.956422984,0.2937628003134896,0.4644075062549652,94,74,0,0,0
535,2,135,0.146794345,-0.106651938,-0.983400623,0.27358327031908203,0.4659869436980677,87,74,0,0,0
536,2,136,0.098860477,1.59e-09,-0.995101304,0.2657598762906079,0.5000000005061127,85,80,0,255,0
537,2,137,0.216100878,-3.99e-10,-0.976371041,0.28466700391526273,0.49999999987299437,91,79,0,0,0
538,2,138,0.340281017,7.96e-10,-0.94032379,0.3052611001600188,0.5000000002533747,97,80,0,0,0
539,2,139,0.465247694,3.19e-09,-0.885180537,0.32701737099419736,0.5000000010154085,104,80,0,0,0
540,2,140,0.583661356,3.19e-09,-0.811997181,0.34919021425689606,0.5000000010154085,111,80,0,0,0
541,2,141,0.688870195,5.58e-09,-0.724884718,0.3709465039540675,0.5000000017761692,118,80,0,0,0
542,2,142,0.776647413,5.57e-09,-0.629935549,0.3915406455053369,0.5000000017729861,125,80,0,0,0
543,2,143,0.845832284,0.0,-0.533448917,0.410447828282855,0.5,131,80,0,0,0
544,2,144,0.813929452,0.106652137,-0.571090334,0.4026242630189108,0.5340131200089587,128,85,0,0,0
545,2,145,0.734779452,0.111584404,-0.669065077,0.3824446552511172,0.5355925421118801,122,85,0,0,0
546,2,146,0.770699464,0.222133652,-0.597226068,0.39507606118286837,0.5713021312178896,126,91,0,0,0
547,2,147,0.710535251,0.342416936,-0.614727825,0.3864858285688628,0.6112455303234909,123,97,0,0,0
548,2,148,0.680320126,0.230957125,-0.695574103,0.3732355864784144,0.574185712421048,119,91,0,0,0
549,2,149,0.636607044,0.114891019,-0.762582143,0.36070911873502204,0.5366518846318581,115,85,0,0,0
550,2,150,0.522176231,0.116059712,-0.84490362,0.3381036971122633,0.5370263965457833,108,85,0,0,0
551,2,151,0.571137098,0.235778479,-0.786263902,0.34998448952694966,0.5757639771028963,111,92,0,0,0
552,2,152,0.609241197,0.353050073,-0.710056906,0.36286157918396805,0.6148554727586787,116,98,0,0,0
553,2,153,0.63417426,0.460752817,-0.620910501,0.37668188977536937,0.65242053379146,120,104,0,0,0
554,2,154,0.545226023,0.569944058,-0.614729497,0.3654749696896156,0.6930351380014487,116,110,0,0,0
555,2,155,0.52403742,0.4703219,-0.71005781,0.3511891568009672,0.6558621877077006,112,104,0,0,0
556,2,156,0.491120557,0.356818594,-0.794657845,0.3381033708692641,0.6161385724505264,108,98,0,0,0
557,2,157,0.447829544,0.235778348,-0.862471605,0.3262225928320593,0.5757639341945803,104,92,0,0,0
558,2,158,0.397370421,0.114890903,-0.910437713,0.3154982921630297,0.5366518474617751,100,85,0,0,0
559,2,159,0.269822221,0.111584253,-0.956422984,0.2937628003134896,0.5355924937450348,94,85,0,0,0
560,2,160,0.317885876,0.230956744,-0.919569221,0.30297154288523315,0.5741855877750488,96,91,0,0,0
561,2,161,0.362625599,0.353049664,-0.862472382,0.31334518767015723,0.6148553336093451,100,98,0,0,0
562,2,162,0.400729364,0.470321564,-0.786265606,0.32501719827234005,0.6558620665148113,104,104,0,0,0
563,2,163,0.429883067,0.575650671,-0.695576633,0.33810294753437525,0.6952511768143654,108,111,0,0,0
564,2,164,0.44942011,0.664333442,-0.597229137,0.3526716069222758,0.7312844954604123,112,117,0,0,0
565,2,165,0.352947486,0.741133792,-0.571094365,0.3381024334422804,0.7657115945227871,108,122,0,0,0
566,2,166,0.333179804,0.664332905,-0.669068764,0.3235338235921866,0.7312842667688892,103,117,0,0,0
567,2,167,0.305987863,0.569943079,-0.762585283,0.31073099316081965,0.6930347587492784,99,110,0,0,0
568,2,168,0.27173871,0.460751835,-0.844905806,0.29952454382300814,0.6524201815997076,95,104,0,0,0
569,2,169,0.232060679,0.342416135,-0.910438923,0.28972102518572707,0.6112452589524161,92,97,0,0,0
570,2,170,0.189502112,0.222133193,-0.956423439,0.2811311541042428,0.5713019813698912,89,91,0,0,0
571,2,171,0.146794354,0.106651938,-0.983400621,0.27358327179117026,0.5340130563019323,87,85,0,0,0
572,2,172,0.030549123,0.094021168,-0.995101387,0.254884444371439,0.5299721372424039,81,84,0,255,0
573,2,173,0.066777477,0.205522379,-0.976371507,0.2608682406739241,0.5658893351169727,83,90,0,255,0
574,2,174,0.105150314,0.323623764,-0.940324982,0.26772361299585107,0.604901205457979,85,96,0,255,0
575,2,175,0.143766299,0.442473602,-0.885182672,0.27562527965707506,0.6458989638717353,88,103,0,0,0
576,2,176,0.180357511,0.555091619,-0.812000285,0.2847859940220298,0.6873168083432332,91,109,0,0,0
577,2,177,0.212868393,0.655151595,-0.724888567,0.2954589731541631,0.7273952538312144,94,116,0,0,0
578,2,178,0.239992742,0.738633361,-0.629939872,0.3079325025078925,0.7645284925522393,98,122,0,0,0
579,2,179,0.261371961,0.804432868,-0.533453333,0.3225086301819565,0.7975306653526875,103,127,0,0,0
580,3,0,-0.181391744,0.862542259,-0.47235356,0.19164546478637567,0.8311290957843539,61,132,0,0,0
581,3,1,-0.115427467,0.913703401,-0.389644191,0.20416306198699588,0.8667903262329169,65,138,0,0,0
582,3,2,-0.048756545,0.955435041,-0.291147181,0.22359238508208018,0.9046132433434076,71,144,0,0,0
583,3,3,0.023806662,0.983374157,-0.180023636,0.2709255294855009,0.9418753280878243,86,150,0,0,0
584,3,4,0.098727867,0.993241975,-0.061017926,0.4118950312270446,0.9629728822807732,131,154,0,0,0
585,3,5,0.171660656,0.983374796,0.059216804,0.5528683561662576,0.9418764481985628,176,150,0,0,0
586,3,6,0.238598209,0.955436218,0.173817511,0.6002031570746102,0.9046145124875218,192,144,0,0,0
587,3,7,0.296877756,0.913704942,0.277501129,0.6196329557384607,0.866791533269583,198,138,0,0,0
588,3,8,0.341353336,0.862543758,0.373491854,0.6321505858242531,0.8311300387919432,202,132,0,0,0
589,3,9,0.360233877,0.804433703,0.47235365,0.6463043168457094,0.7975311127761128,206,127,0,0,0
590,3,10,0.456096391,0.738634772,0.496381664,0.6317274843646988,0.7645291588196304,202,122,0,0,0
591,3,11,0.443673559,0.8070508,0.389644426,0.6146954286895228,0.7989376628785829,196,127,0,0,0
592,3,12,0.414825123,0.86565828,0.280278184,0.5945696613532565,0.8330997634796867,190,133,0,0,0
593,3,13,0.368557903,0.913209994,0.173817659,0.5701369343717482,0.8664043773293566,182,138,0,0,0
594,3,14,0.308463289,0.949354998,0.059795386,0.5304741083727139,0.8982619088182864,169,143,0,0,0
595,3,15,0.238671736,0.969099539,-0.062304784,0.45935987009405194,0.9206636311490293,146,147,0,0,0
596,3,16,0.162464646,0.969098879,-0.185614121,0.36443073809157545,0.9206627794709575,116,147,0,0,0
597,3,17,0.084470125,0.949353118,-0.302644107,0.29331887893517766,0.8982600042774603,93,143,0,0,0
598,3,18,0.009364001,0.913207209,-0.40738791,0.2536576064987283,0.8664022018457185,81,138,0,255,0
599,3,19,-0.065163057,0.865655213,-0.496381736,0.2292255548986145,0.8330978134550382,73,133,0,0,0
600,3,20,0.062425118,0.855164836,-0.514583529,0.2692135070443026,0.8265441662570863,86,132,0,0,0
601,3,21,0.143426607,0.896463663,-0.419263294,0.3024594600662361,0.8538725332632402,96,136,0,0,0
602,3,22,0.224119171,0.924303534,-0.308923251,0.34988977909485025,0.8753531505994641,111,140,0,0,0
603,3,23,0.303532246,0.934171331,-0.187595577,0.4118950195026803,0.8838593193905127,131,141,0,0,0
604,3,24,0.376533644,0.924305428,-0.062304827,0.4739011957556615,0.8753547302394582,151,140,0,0,0
605,3,25,0.439135607,0.896467109,0.059216902,0.5213331626605664,0.8538750086904243,166,136,0,0,0
606,3,26,0.488165975,0.855169123,0.174297882,0.5545803339249182,0.8265467988173034,177,132,0,0,0
607,3,27,0.522142612,0.801623497,0.29114749,0.5809558387868314,0.7960300875720053,185,127,0,0,0
608,3,28,0.544342099,0.733298577,0.407387869,0.6022537026791236,0.7620202385281981,192,121,0,0,0
609,3,29,0.553153093,0.655153395,0.51458302,0.6192533087354269,0.7273960122168208,198,116,0,0,0
610,3,30,0.645609287,0.555093452,0.524461541,0.6085797955505994,0.6873175097979304,194,109,0,0,0
611,3,31,0.642960924,0.640952373,0.419262813,0.5919656112130922,0.7214604014822433,189,115,0,0,0
612,3,32,0.626352073,0.718393795,0.302644073,0.5716365209429852,0.7551223772735901,182,120,0,0,0
613,3,33,0.597271709,0.781574,0.180023856,0.5465926353481884,0.7855828673543391,174,125,0,0,0
614,3,34,0.556756365,0.828563072,0.05920799,0.5168618824953718,0.810841180377785,165,129,0,0,0
615,3,35,0.503941418,0.861579856,-0.061018026,0.4808226217602012,0.8305246361247642,153,132,0,0,0
616,3,36,0.438188248,0.879510315,-0.185614291,0.4362298161442373,0.8421297184723695,139,134,0,0,0
617,3,37,0.361980786,0.879509103,-0.308923369,0.3875603809271632,0.8421289077830828,124,134,0,0,0
618,3,38,0.279947078,0.861576487,-0.423456716,0.34296854433303064,0.8305225235688696,109,132,0,0,0
619,3,39,0.196036153,0.828558306,-0.524462544,0.30693050417232265,0.810838470845878,98,129,0,0,0
620,3,40,0.32842607,0.785541436,-0.524462552,0.3390427674012169,0.7876154568615732,108,126,0,0,0
621,3,41,0.41090032,0.809554934,-0.419263324,0.3733967397120118,0.8002915001814785,119,128,0,0,0
622,3,42,0.489682762,0.817690158,-0.302644341,0.4118950223861093,0.8047457427688358,131,128,0,0,0
623,3,43,0.558755759,0.809557522,-0.180023943,0.45039368000361746,0.800292903463531,144,128,0,0,0
624,3,44,0.6159643,0.785545924,-0.059207959,0.4847485038788563,0.7876177654595538,155,126,0,0,0
625,3,45,0.663686405,0.745518049,0.06101799,0.5145913652266799,0.7677978595985371,164,122,0,0,0
626,3,46,0.701058978,0.688522859,0.185614068,0.541193074739468,0.7417405211346757,173,118,0,0,0
627,3,47,0.724607997,0.616043833,0.308922718,0.5641390154660442,0.7112655903618503,180,113,0,0,0
628,3,48,0.732903377,0.5324829,0.423455548,0.5833843968671045,0.6787409354678098,186,108,0,0,0
629,3,49,0.727431567,0.442475188,0.524460697,0.5994186074190608,0.6458995268178745,191,103,0,0,0
630,3,50,0.794023579,0.323624913,0.51458087,0.5915165578874646,0.6049015919974056,189,96,0,0,0
631,3,51,0.808270004,0.413424098,0.419261393,0.5761567376524802,0.6356672975900307,184,101,0,0,0
632,3,52,0.809811524,0.49877089,0.30892215,0.5580015533000734,0.6662150888799724,178,106,0,0,0
633,3,53,0.794655903,0.57734745,0.18759509,0.5368963366027837,0.6959121769600787,171,111,0,0,0
634,3,54,0.762713652,0.64372821,0.062304702,0.5129722767900847,0.722613265918735,164,115,0,0,0
635,3,55,0.71689203,0.694664798,-0.059216848,0.4868832323102528,0.7444472886616992,155,119,0,0,0
636,3,56,0.662463627,0.728534294,-0.174297805,0.4590534619138049,0.7597981059945352,146,121,0,0,0
637,3,57,0.601039981,0.744301073,-0.291147477,0.4282060161070685,0.7672172303962684,137,122,0,0,0
638,3,58,0.529200322,0.744299707,-0.407387979,0.39558409105305636,0.7672165793300604,126,122,0,0,0
639,3,59,0.45215795,0.728530774,-0.514583423,0.36473712279696746,0.7597964703266862,116,121,0,0,0
640,3,60,0.561544308,0.662022132,-0.496381594,0.3847907445719634,0.7303015278581311,123,116,0,0,0
641,3,61,0.653744722,0.591185315,-0.472353429,0.4004182555240264,0.701339816327631,128,112,0,0,0
642,3,62,0.630449846,0.671349629,-0.389644282,0.4118950186441366,0.7342850858924421,131,117,0,0,0
643,3,63,0.695102841,0.662024374,-0.28027802,0.43899949355706086,0.7303024800484835,140,116,0,0,0
644,3,64,0.754625003,0.632715249,-0.173817485,0.4639692768843229,0.7180596333187892,148,114,0,0,0
645,3,65,0.807571751,0.586730254,-0.059795278,0.4882371076870965,0.6995851044538504,156,111,0,0,0
646,3,66,0.847917126,0.526454832,0.062304563,0.5116736530331155,0.676479075320663,163,108,0,0,0
647,3,67,0.871466025,0.453976502,0.185613316,0.5333992887338187,0.6499949993620379,170,103,0,0,0
648,3,68,0.876788504,0.373696962,0.302642528,0.5528978395651191,0.6219100000500324,176,99,0,0,0
649,3,69,0.865621062,0.291096758,0.407385388,0.5700082842471659,0.5940201596235273,182,95,0,0,0
650,3,70,0.843426776,0.205523011,0.496378449,0.584660863365036,0.5658895406770453,187,90,0,0,0
651,3,71,0.876382187,0.094021413,0.472349696,0.5786767746913345,0.5299722155753261,185,84,0,0,0
652,3,72,0.904654969,0.172566514,0.389641097,0.5647274333384636,0.5552059736469825,180,88,0,0,0
653,3,73,0.923741409,0.248870123,0.291145104,0.5485939591639042,0.5800592331370136,175,92,0,0,0
654,3,74,0.927889705,0.326515815,0.180022546,0.5304992012727265,0.6058746416598852,169,96,0,0,0
655,3,75,0.914122605,0.400820051,0.06101762,0.5106078453976279,0.6312747435538683,163,101,0,0,0
656,3,76,0.882200773,0.467135085,-0.059216625,0.48933292454738975,0.65471382682103,156,104,0,0,0
657,3,77,0.834944525,0.522163994,-0.173817156,0.4673339893094875,0.6748751121837068,149,107,0,0,0
658,3,78,0.777245912,0.564696491,-0.277500748,0.4454218585081881,0.6910067653231176,142,110,0,0,0
659,3,79,0.714844678,0.591186166,-0.373491637,0.4233718287060609,0.7013401521860432,135,112,0,0,0
660,3,80,0.783155826,0.497163251,-0.37349117,0.4291757721206159,0.6656249944043896,137,106,0,0,0
661,3,81,0.844425516,0.456497853,-0.28027711,0.4489951218686701,0.6508963900628988,143,104,0,0,0
662,3,82,0.897593039,0.404904105,-0.174296879,0.4694747784641752,0.6326951000397275,150,101,0,0,0
663,3,83,0.937444071,0.343064253,-0.059207534,0.4899613510339582,0.6114648626714286,156,97,0,0,0
664,3,84,0.960058592,0.273462931,0.059207481,0.5098027810407002,0.5881690878388436,163,94,0,0,0
665,3,85,0.964166394,0.200009975,0.174296229,0.5284636774109251,0.5640974574671723,169,90,0,0,0
666,3,86,0.9514787,0.127019491,0.280275459,0.5455925053960391,0.5405410768609507,174,86,0,0,0
667,3,87,0.925813108,0.058108231,0.373488316,0.5610276751017977,0.5185068493117839,179,82,0,0,0
668,3,88,0.925813108,-0.058108236,0.373488316,0.5610276751017977,0.4814931490939729,179,77,0,0,0
669,3,89,0.960726091,1.59e-09,0.277498428,0.5447526657125148,0.5000000005061127,174,80,0,0,0
670,3,90,0.982405228,0.068322636,0.173815953,0.5278706900007508,0.521764725831735,168,83,0,0,0
671,3,91,0.988291518,0.140617575,0.059216317,0.5095248366324787,0.544908801201646,163,87,0,0,0
672,3,92,0.975138439,0.213030242,-0.061017554,0.4900541296057868,0.568333286330254,156,90,0,0,0
673,3,93,0.942601861,0.281235751,-0.180022734,0.46996549339498606,0.5907442890784323,150,94,0,0,0
674,3,94,0.893606975,0.341614585,-0.291146097,0.44987186673128854,0.6109737437550687,143,97,0,0,0
675,3,95,0.833315268,0.392127381,-0.389643147,0.4303890549882637,0.6282607565663444,137,100,0,0,0
676,3,96,0.764273775,0.439053983,-0.47235283,0.41189505147968636,0.6446863172324296,131,103,0,0,0
677,3,97,0.80315092,0.329476828,-0.496380519,0.41189505089554135,0.6068723564776787,131,97,0,0,0
678,3,98,0.871405798,0.273291442,-0.407386454,0.4303991172200695,0.588112339474436,137,94,0,0,0
679,3,99,0.928991655,0.21303036,-0.302642646,0.4498768436628123,0.5683333247732569,143,90,0,0,0
680,3,100,0.971872434,0.144954476,-0.185612963,0.4699654947893076,0.5463035722473663,150,87,0,0,0
681,3,101,0.995422137,0.072477181,-0.06230432,0.49005133459163963,0.5230904488677666,156,83,0,0,0
682,3,102,0.998210688,-6.44e-09,0.059794832,0.509522323232364,0.4999999979500843,163,79,0,0,0
683,3,103,0.982405227,-0.06832265,0.173815953,0.5278706900285443,0.47823526970148894,168,76,0,0,0
684,3,104,0.95147871,-0.127019493,0.280275424,0.5455924995555986,0.459458922497231,174,73,0,0,0
685,3,105,0.904654956,-0.172566526,0.389641124,0.5647274381761681,0.44479402247512206,180,71,0,0,0
686,3,106,0.876382189,-0.094021405,0.472349694,0.5786767742581909,0.47002778698248354,185,75,0,0,0
687,3,107,0.843426828,-0.205523004,0.496378365,0.584660847302727,0.4341104615997278,187,69,0,0,0
688,3,108,0.794023594,-0.32362492,0.514580842,0.5915165525628971,0.39509840564769755,189,63,0,0,0
689,3,109,0.865621081,-0.291096744,0.407385358,0.5700082783855189,0.40597984503453494,182,64,0,0,0
690,3,110,0.923741387,-0.248870138,0.29114516,0.548593969027229,0.41994076193323265,175,67,0,0,0
691,3,111,0.964166397,-0.200009956,0.17429623,0.5284636774840833,0.43590254870544015,169,69,0,0,0
692,3,112,0.988291518,-0.140617575,0.059216317,0.5095248366324787,0.45509119879835397,163,72,0,0,0
693,3,113,0.995422136,-0.072477191,-0.06230431,0.49005133617430074,0.4769095479407412,156,76,0,0,0
694,3,114,0.982246598,-3.99e-09,-0.187594299,0.4699654905231096,0.4999999987299435,150,79,0,0,0
695,3,115,0.948321943,0.072477247,-0.308921579,0.4498796353776482,0.5230904699316156,143,83,0,0,0
696,3,116,0.89690936,0.140617763,-0.419261547,0.43040609937590923,0.5449088616444661,137,87,0,0,0
697,3,117,0.832600971,0.20489285,-0.514581911,0.4118950451898422,0.5656845925732404,131,90,0,0,0
698,3,118,0.848585065,0.069600838,-0.524460781,0.4118950401175664,0.5221725611243162,131,83,0,0,0
699,3,119,0.905917216,-3.19e-09,-0.423454835,0.4304086148880168,0.49999999898459146,137,79,0,0,0
700,3,120,0.948321943,-0.072477247,-0.308921579,0.4498796353776482,0.4769095300683845,143,76,0,0,0
701,3,121,0.971872431,-0.144954495,-0.185612963,0.4699654946987819,0.45369642164018825,150,72,0,0,0
702,3,122,0.975138435,-0.21303026,-0.061017549,0.4900541303779758,0.4316667078055592,156,69,0,0,0
703,3,123,0.960058597,-0.273462913,0.059207481,0.5098027809897762,0.4118309181177859,163,65,0,0,0
704,3,124,0.927889717,-0.326515781,0.180022548,0.5304992012184822,0.39412536979021073,169,63,0,0,0
705,3,125,0.87678857,-0.373696848,0.302642478,0.5528978277602961,0.3780900390716244,176,60,0,0,0
706,3,126,0.808269965,-0.413424156,0.419261412,0.5761567437393881,0.3643326821340865,184,58,0,0,0
707,3,127,0.727431567,-0.442475188,0.524460697,0.5994186074190608,0.35410047318212545,191,56,0,0,0
708,3,128,0.645609358,-0.555093447,0.524461459,0.6085797748067511,0.3126824921154773,194,50,0,0,0
709,3,129,0.732903362,-0.532482927,0.42345554,0.5833843969756435,0.32125905437865393,186,51,0,0,0
710,3,130,0.809811515,-0.498770884,0.308922185,0.5580015598939354,0.3337849133235406,178,53,0,0,0
711,3,131,0.87146607,-0.453976411,0.185613326,0.5333992888064014,0.35000503314722703,170,56,0,0,0
712,3,132,0.914122606,-0.400820047,0.061017626,0.5106078464260648,0.3687252578358933,163,58,0,0,0
713,3,133,0.937444065,-0.343064268,-0.059207539,0.48996135012437303,0.38853513224543756,156,62,0,0,0
714,3,134,0.942601856,-0.281235768,-0.180022733,0.46996549340232907,0.409255705282708,150,65,0,0,0
715,3,135,0.92899164,-0.213030394,-0.302642667,0.4498768396534266,0.4316666641499454,143,69,0,0,0
716,3,136,0.896909344,-0.140617782,-0.419261576,0.430406094063546,0.45509113224695097,137,72,0,0,0
717,3,137,0.848585086,-0.069600833,-0.524460747,0.4118950464932543,0.47782744047110226,131,76,0,0,0
718,3,138,0.832600971,-0.20489285,-0.514581911,0.4118950451898422,0.43431540742675956,131,69,0,0,0
719,3,139,0.871405812,-0.273291446,-0.407386422,0.4303991229973213,0.41188765920193565,137,65,0,0,0
720,3,140,0.893606975,-0.341614585,-0.291146097,0.44987186673128854,0.38902625624493126,143,62,0,0,0
721,3,141,0.897593054,-0.404904077,-0.174296867,0.4694747810123156,0.3673049097077297,150,58,0,0,0
722,3,142,0.882200805,-0.467135025,-0.059216618,0.48933292619034063,0.3452861947791692,156,55,0,0,0
723,3,143,0.847917159,-0.526454776,0.06230458,0.5116736557541994,0.32352094564533124,163,51,0,0,0
724,3,144,0.794655948,-0.57734739,0.187595083,0.536896333259503,0.30408784643076764,171,48,0,0,0
725,3,145,0.724607997,-0.616043833,0.308922718,0.5641390154660442,0.2887344096381497,180,46,0,0,0
726,3,146,0.642960918,-0.640952406,0.419262771,0.5919656045979483,0.27853958483290614,189,44,0,0,0
727,3,147,0.553153078,-0.655153421,0.514583003,0.6192533082656204,0.27260397682870896,198,43,0,0,0
728,3,148,0.456096357,-0.738634762,0.496381709,0.6317274974640811,0.23547084590232686,202,37,0,0,0
729,3,149,0.544342072,-0.733298592,0.407387877,0.602253707965388,0.23797975444929717,192,38,0,0,0
730,3,150,0.626352066,-0.718393787,0.302644107,0.5716365286438537,0.24487762638705513,182,39,0,0,0
731,3,151,0.701059016,-0.688522822,0.185614058,0.5411930704835475,0.25825949510529633,173,41,0,0,0
732,3,152,0.762713652,-0.64372821,0.062304702,0.5129722767900847,0.2773867340812651,164,44,0,0,0
733,3,153,0.807571734,-0.586730277,-0.059795283,0.4882371064603602,0.3004148865052924,156,48,0,0,0
734,3,154,0.834944541,-0.522163967,-0.17381716,0.46733398918723407,0.3251248978935826,149,52,0,0,0
735,3,155,0.844425521,-0.456497855,-0.280277092,0.4489951252063481,0.34910360922157657,143,55,0,0,0
736,3,156,0.833315244,-0.392127406,-0.389643172,0.4303890493113807,0.37173923478309284,137,59,0,0,0
737,3,157,0.80315092,-0.329476828,-0.496380519,0.41189505089554135,0.3931276435223213,131,62,0,0,0
738,3,158,0.764273744,-0.439054009,-0.472352857,0.41189504452416004,0.3553136735561966,131,56,0,0,0
739,3,159,0.783155855,-0.497163222,-0.373491147,0.42917577821846753,0.33437501623459154,137,53,0,0,0
740,3,160,0.777245873,-0.564696519,-0.277500799,0.44542184671685436,0.3089932238775472,142,49,0,0,0
741,3,161,0.754625003,-0.632715249,-0.173817485,0.4639692768843229,0.28194036668121086,148,45,0,0,0
742,3,162,0.716892067,-0.69466476,-0.059216859,0.48688323055864424,0.25555272815355246,155,40,0,0,0
743,3,163,0.663686368,-0.745518083,0.061017973,0.5145913619930808,0.232202124163244,164,37,0,0,0
744,3,164,0.597271769,-0.781573952,0.180023862,0.5465926323961853,0.21441715713839365,174,34,0,0,0
745,3,165,0.522142612,-0.801623497,0.29114749,0.5809558387868314,0.2039699124279947,185,32,0,0,0
746,3,166,0.443673559,-0.8070508,0.389644426,0.6146954286895228,0.20106233712141708,196,32,0,0,0
747,3,167,0.360233899,-0.804433676,0.472353679,0.6463043168705159,0.20246890169148446,206,32,0,0,0
748,3,168,0.34135336,-0.862543722,0.373491915,0.6321505931962987,0.16886998385539287,202,27,0,0,0
749,3,169,0.414825121,-0.865658275,0.280278201,0.5945696661872848,0.16690023969937248,190,26,0,0,0
750,3,170,0.488165975,-0.855169123,0.174297882,0.5545803339249182,0.17345320118269655,177,27,0,0,0
751,3,171,0.556756391,-0.828563054,0.059207988,0.5168618811484883,0.18915882985550933,165,30,0,0,0
752,3,172,0.615964324,-0.785545905,-0.059207958,0.4847485047254914,0.21238224431396727,155,33,0,0,0
753,3,173,0.66246367,-0.728534258,-0.174297796,0.4590534664781102,0.2402019107339312,146,38,0,0,0
754,3,174,0.695102876,-0.662024331,-0.280278034,0.4389994935792433,0.26969753821388853,140,43,0,0,0
755,3,175,0.714844678,-0.591186166,-0.373491637,0.4233718287060609,0.2986598478139569,135,47,0,0,0
756,3,176,0.653744786,-0.591185235,-0.472353441,0.4004182610010321,0.2986602152454144,128,47,0,0,0
757,3,177,0.630449846,-0.671349629,-0.389644282,0.4118950186441366,0.26571491410755776,131,42,0,0,0
758,3,178,0.601039981,-0.744301073,-0.291147477,0.4282060161070685,0.2327827696037316,137,37,0,0,0
759,3,179,0.558755761,-0.809557525,-0.180023925,0.4503936848148212,0.19970709490978464,144,31,0,0,0
760,3,180,0.503941418,-0.861579855,-0.061018031,0.4808226202039159,0.16947536450229664,153,27,0,0,0
761,3,181,0.439135607,-0.896467109,0.059216907,0.5213331644403416,0.14612499130957568,166,23,0,0,0
762,3,182,0.36855787,-0.913210007,0.173817661,0.5701369405761515,0.13359561251570443,182,21,0,0,0
763,3,183,0.296877756,-0.913704942,0.277501129,0.6196329557384607,0.13320846673041686,198,21,0,0,0
764,3,184,0.23082303,-0.898456842,0.373491676,0.6618982233015354,0.14468910234516685,211,23,0,0,0
765,3,185,0.173215567,-0.944161386,0.280277798,0.6618982212639795,0.10687455489082508,211,17,0,0,0
766,3,186,0.238598208,-0.955436216,0.173817525,0.6002031634929096,0.09538548966906671,192,15,0,0,0
767,3,187,0.308463276,-0.949355001,0.059795396,0.5304741145986095,0.1017380881425251,169,16,0,0,0
768,3,188,0.37653365,-0.924305426,-0.062304822,0.4739011982212249,0.1246452714285983,151,19,0,0,0
769,3,189,0.438188248,-0.879510315,-0.185614291,0.4362298161442373,0.1578702815276306,139,25,0,0,0
770,3,190,0.48968276,-0.817690154,-0.302644358,0.41189501809730195,0.19525425944296046,131,31,0,0,0
771,3,191,0.529200314,-0.744299695,-0.407388011,0.39558408384729804,0.2327834263894018,126,37,0,0,0
772,3,192,0.561544287,-0.662022107,-0.496381652,0.38479073239052153,0.2696984827594993,123,43,0,0,0
773,3,193,0.45215795,-0.728530774,-0.514583423,0.36473712279696746,0.24020352967331382,116,38,0,0,0
774,3,194,0.410900307,-0.809554908,-0.419263387,0.37339672523969664,0.19970851391636588,119,31,0,0,0
775,3,195,0.361980757,-0.87950911,-0.308923383,0.38756037106956626,0.1578710875347293,124,25,0,0,0
776,3,196,0.303532244,-0.934171324,-0.187595614,0.41189500499532233,0.1161406868539224,131,18,0,0,0
777,3,197,0.2386717,-0.969099548,-0.062304785,0.45935986360282133,0.07933635723711688,146,12,0,0,0
778,3,198,0.171660656,-0.983374795,0.059216814,0.5528683644517651,0.05812355355436575,176,9,0,0,0
779,3,199,0.107718269,-0.978783502,0.174297533,0.6618982372138543,0.06568600219131204,211,10,0,0,0
780,3,200,0.036591265,-0.997574814,0.059207847,0.661898232428576,0.022173051251626833,211,3,0,0,0
781,3,201,0.098727848,-0.993241977,-0.061017926,0.4118950175292257,0.03702711223405479,131,5,0,0,0
782,3,202,0.162464627,-0.969098875,-0.185614159,0.3644307127189961,0.07933722569070055,116,12,0,0,0
783,3,203,0.224119148,-0.92430352,-0.30892331,0.34988975688369023,0.1246468610767904,111,19,0,0,0
784,3,204,0.279947146,-0.861576425,-0.423456798,0.34296854793962445,0.1694775153084573,109,27,0,0,0
785,3,205,0.32842607,-0.785541436,-0.524462552,0.3390427674012169,0.2123845431384268,108,33,0,0,0
786,3,206,0.196036164,-0.82855827,-0.524462597,0.30693050182639486,0.18916154962045212,98,30,0,0,0
787,3,207,0.143426617,-0.896463648,-0.419263323,0.30245946009319624,0.1461274775118946,96,23,0,0,0
788,3,208,0.084470115,-0.949353113,-0.302644124,0.29331887174153914,0.10174000078776184,93,16,0,0,0
789,3,209,0.023806654,-0.983374153,-0.180023663,0.2709255194320641,0.058124678923756355,86,9,0,0,0
790,3,210,-0.036591272,-0.997574814,-0.059207847,0.16189821881258148,0.022173051251626833,51,3,0,0,0
791,3,211,-0.107718277,-0.978783502,-0.174297528,0.16189822988605396,0.06568600219131204,51,10,0,0,0
792,3,212,-0.048756564,-0.95543504,-0.291147181,0.223592374979102,0.09538675773487273,71,15,0,0,0
793,3,213,0.009363985,-0.913207209,-0.40738791,0.25365760025128126,0.1335977981542815,81,21,0,255,0
794,3,214,0.062425116,-0.85516487,-0.514583473,0.2692135085053669,0.173455812864341,86,27,0,0,0
795,3,215,-0.065163073,-0.86565516,-0.496381826,0.22922555357946262,0.16690222024263043,73,26,0,0,0
796,3,216,-0.115427477,-0.9137034,-0.38964419,0.20416305812066868,0.13320967455036128,65,21,0,0,0
797,3,217,-0.173215567,-0.944161386,-0.280277798,0.16189822126397937,0.10687455489082508,51,17,0,0,0
798,3,218,-0.230823011,-0.898456844,-0.373491683,0.16189823049423194,0.1446891008952121,51,23,0,0,0
799,3,219,-0.181391756,-0.862542225,-0.472353618,0.19164546780291064,0.168870925604689,61,27,0,0,0
